_unit_id,_created_at,_golden,_id,_missed,_started_at,_tainted,_channel,_trust,_worker_id,_country,_region,_city,_ip,hours,menu1,menu10,menu10price,menu11,menu11price,menu12,menu12price,menu13,menu13price,menu14,menu14price,menu15,menu15price,menu16,menu16price,menu17,menu17price,menu18,menu18price,menu19,menu19price,menu1price,menu2,menu20,menu20price,menu2price,menu3,menu3price,menu4,menu4price,menu5,menu5price,menu6,menu6price,menu7,menu7price,menu8,menu8price,menu9,menu9price,when_is_this_business_open,hours_gold,menu1_gold,menu1price_gold,menu2_gold,menu2price_gold,menu3_gold,menu3price_gold,menu4_gold,menu4price_gold,menu5_gold,menu5price_gold,menu6_gold,menu6price_gold,url1,url2,url3,url4,url5,url6,url7
932087451,4/13/2016 20:21:57,false,1957663470,,4/13/2016 20:21:17,false,clixsense,1.0,15358816,PRT,04,Vilar,82.155.101.86,No,,,,,,,,,,,,,,,,,,,,,,,,,,,,,,,,,,,,,,,,,,,,,,,,,,,,,,,https://dl.dropboxusercontent.com/u/17481094/1foodtruck_1.jpg,https://dl.dropboxusercontent.com/u/17481094/1foodtruck_2.jpg,https://dl.dropboxusercontent.com/u/17481094/1foodtruck_3.jpg,,,,
932087451,4/13/2016 20:23:37,false,1957665445,,4/13/2016 20:22:48,false,clixsense,1.0,31778713,IDN,08,Surabaya,180.248.34.88,Yes,,,,,,,,,,,,,,,,,,,,,,,,,,,,,,,,,,,,,,,,,,,,,,,,,,,,,,,https://dl.dropboxusercontent.com/u/17481094/1foodtruck_1.jpg,https://dl.dropboxusercontent.com/u/17481094/1foodtruck_2.jpg,https://dl.dropboxusercontent.com/u/17481094/1foodtruck_3.jpg,,,,
932087452,4/13/2016 20:21:16,false,1957662514,,4/13/2016 20:19:13,false,clixsense,1.0,15358816,PRT,04,Vilar,82.155.101.86,No,,,,,,,,,,,,,,,,,,,,,,,,,,,,,,,,,,,,,,,,,,,,,,,,,,,,,,,https://dl.dropboxusercontent.com/u/17481094/2foodtruck_1.jpg,https://dl.dropboxusercontent.com/u/17481094/2foodtruck_2.jpg,https://dl.dropboxusercontent.com/u/17481094/2foodtruck_3.jpg,https://dl.dropboxusercontent.com/u/17481094/2foodtruck_4.jpg,https://dl.dropboxusercontent.com/u/17481094/2foodtruck_5.jpg,https://dl.dropboxusercontent.com/u/17481094/2foodtruck_6.jpg,https://dl.dropboxusercontent.com/u/17481094/2foodtruck_7.jpg
932087452,4/13/2016 20:22:39,false,1957664260,,4/13/2016 20:19:30,false,neodev,1.0,34985385,SRB,00,Belgrade,79.101.91.98,No,Tofu,,,,,,,,,,,,,,,,,,,,,$4.50,Vegetable,,,$4.50,Beef,$5,Chicken,$5,,,,,,,,,,,,,,,,,,,,,,,,,https://dl.dropboxusercontent.com/u/17481094/2foodtruck_1.jpg,https://dl.dropboxusercontent.com/u/17481094/2foodtruck_2.jpg,https://dl.dropboxusercontent.com/u/17481094/2foodtruck_3.jpg,https://dl.dropboxusercontent.com/u/17481094/2foodtruck_4.jpg,https://dl.dropboxusercontent.com/u/17481094/2foodtruck_5.jpg,https://dl.dropboxusercontent.com/u/17481094/2foodtruck_6.jpg,https://dl.dropboxusercontent.com/u/17481094/2foodtruck_7.jpg
932087452,4/13/2016 21:26:40,false,1957750489,,4/13/2016 21:19:33,false,clixsense,1.0,34183330,IDN,04,Jakarta,180.214.233.2,No,TOFU,MEATBALLS,$6,COMBINATION,$7,SALAD,$1.50,AVOCADO SALAD,$2,GOYZA,$3,SHUMAI,$3,,,,,,,,,$4.50,VEGETABLE,,,$4.50,CHICKEN,$5,BEEF,$5,PORK CHOP,$5,TUNA,$6,SALMON,$6,SEAFOOD,$6,CHICKEN,$6,,,,,,,,,,,,,,,https://dl.dropboxusercontent.com/u/17481094/2foodtruck_1.jpg,https://dl.dropboxusercontent.com/u/17481094/2foodtruck_2.jpg,https://dl.dropboxusercontent.com/u/17481094/2foodtruck_3.jpg,https://dl.dropboxusercontent.com/u/17481094/2foodtruck_4.jpg,https://dl.dropboxusercontent.com/u/17481094/2foodtruck_5.jpg,https://dl.dropboxusercontent.com/u/17481094/2foodtruck_6.jpg,https://dl.dropboxusercontent.com/u/17481094/2foodtruck_7.jpg
932087454,4/13/2016 20:22:15,false,1957663789,,4/13/2016 20:21:58,false,clixsense,1.0,15358816,PRT,04,Vilar,82.155.101.86,No,,,,,,,,,,,,,,,,,,,,,,,,,,,,,,,,,,,,,,,,,,,,,,,,,,,,,,,https://dl.dropboxusercontent.com/u/17481094/4foodtruck_1.jpg,https://dl.dropboxusercontent.com/u/17481094/4foodtruck_2.jpg,https://dl.dropboxusercontent.com/u/17481094/4foodtruck_3.jpg,https://dl.dropboxusercontent.com/u/17481094/4foodtruck_4.jpg,https://dl.dropboxusercontent.com/u/17481094/4foodtruck_5.jpg,https://dl.dropboxusercontent.com/u/17481094/4foodtruck_6.jpg,
932087455,4/13/2016 20:21:10,false,1957662423,,4/13/2016 20:18:12,false,neodev,1.0,36105825,RUS,66,Saint Petersburg,95.27.58.102,No,,,,,,,,,,,,,,,,,,,,,,,,,,,,,,,,,,,,,,,,,,,,,,,,,,,,,,,https://dl.dropboxusercontent.com/u/17481094/5foodtruck_1.jpg,https://dl.dropboxusercontent.com/u/17481094/5foodtruck_2.jpg,https://dl.dropboxusercontent.com/u/17481094/5foodtruck_3.jpg,,,,
932087455,4/13/2016 21:34:33,false,1957760765,,4/13/2016 21:13:14,false,neodev,1.0,36956678,UKR,15,Lviv,194.44.121.5,No,Chicken Over Rice / Salad,Special Combon Over Rice / Salad,$6,Chicken on Pita,$4,Lamb on Pita,$4,Combo on Pita,$4,Chicken Kebab on Pita,$4,Fish on Pita,$5,Falafel on Pita,$4,,,,,,,$5,Lamb Over Rice / Salad,,,$5,Falafel Over Rice / Salad,$5,Mix Vegi Over Rice / Salad,$5,Chicken Kebab Over Rice / Salad,$5,Fish Over Rice / Salad,$6,Fish & Chicken Over Rice / Salad,$6,Chicken Falafel Combo,$5,combon over rice / salad,$5,,,,,,,,,,,,,,,https://dl.dropboxusercontent.com/u/17481094/5foodtruck_1.jpg,https://dl.dropboxusercontent.com/u/17481094/5foodtruck_2.jpg,https://dl.dropboxusercontent.com/u/17481094/5foodtruck_3.jpg,,,,
932087457,4/13/2016 20:26:07,false,1957669035,,4/13/2016 20:20:20,false,neodev,1.0,35344996,VEN,15,Carrizal,190.75.34.211,No,N/a,N/a,$0,N/a,$0,N/a,$0,N/a,$0,N/a,$0,N/a,$0,N/a,$0,N/a,$0,N/a,$0,N/a,$0,$0,N/a,N/a,$0,$0,N/a,$0,N/a,$0,N/a,$0,N/a,$0,N/a,$0,N/a,$0,n/a,$0,,,,,,,,,,,,,,,https://dl.dropboxusercontent.com/u/17481094/7foodtruck_1.jpg,https://dl.dropboxusercontent.com/u/17481094/7foodtruck_2.jpg,,,,,
932087457,4/13/2016 20:29:17,false,1957673022,,4/13/2016 20:19:18,false,clixsense,1.0,31847168,SRB,"","",178.220.20.166,No,Tiramisu Traditional,,,,,,,,,,,,,,,,,,,,,$1.50,Tiramisu Large,,,$2.50,Samoa Girl Scout Cookie,$3.50,Blueberry Tres Leches Cake,$4,Creme Bruelee,$4,,,,,,,,,,,,,,,,,,,,,,,https://dl.dropboxusercontent.com/u/17481094/7foodtruck_1.jpg,https://dl.dropboxusercontent.com/u/17481094/7foodtruck_2.jpg,,,,,
932087457,4/13/2016 21:25:22,false,1957748849,,4/13/2016 21:18:56,false,clixsense,0.75,33315191,IND,07,Delhi,106.203.79.249,No,TIRAMISU TRADITIONAL,,,,,,,,,,,,,,,,,,,,,$1.50,TIRAMISU LARGE,,,$2.25,SAMOA GIRL SCOUT COOKIE,$3.50,BLUEBERRY TRES LECHES CAKE,$4,CREME BRULEE,$4,,,,,,,,,,,,,,,,,,,,,,,https://dl.dropboxusercontent.com/u/17481094/7foodtruck_1.jpg,https://dl.dropboxusercontent.com/u/17481094/7foodtruck_2.jpg,,,,,
932087458,4/13/2016 21:34:26,false,1957760626,,4/13/2016 21:25:23,false,clixsense,0.75,33315191,IND,07,Delhi,106.203.79.249,No,CHICKEN OVER RICE,SHRIMP OVER RICE,$0,FISH SALAD,$0,CHICKEN CHEESE STEAK,$0,PHILLY CHEESE STEAK,$0,CHICKEN KEBAB,$0,FALAFEL OVER RICE,$0,LAMB SALAD,$0,CHICEKN on HOAGIE,$0,CHICKEN SALAD,$0,CHICKEN GYRO,$0,$0,LAMB OVER RICE,,,$0,CHICKEN KOFTA W/RICE,$0,CHICKEN KEBAB W/RICE,$0,FISH OVER RICE,$0,CHICKEN SALAD,$0,GYRO,$0,CHICKEN KEBAB on PITA,$0,FALAFEL SANDWICH,$0,,,,,,,,,,,,,,,https://dl.dropboxusercontent.com/u/17481094/8foodtruck_1.jpg,https://dl.dropboxusercontent.com/u/17481094/8foodtruck_2.jpg,https://dl.dropboxusercontent.com/u/17481094/8foodtruck_3.jpg,,,,
932087459,4/13/2016 20:22:42,false,1957664309,,4/13/2016 20:22:34,false,clixsense,1.0,15358816,PRT,04,Vilar,82.155.101.86,No,,,,,,,,,,,,,,,,,,,,,,,,,,,,,,,,,,,,,,,,,,,,,,,,,,,,,,,https://dl.dropboxusercontent.com/u/17481094/9foodtruck_1.jpg,https://dl.dropboxusercontent.com/u/17481094/9foodtruck_2.jpg,https://dl.dropboxusercontent.com/u/17481094/9foodtruck_3.jpg,https://dl.dropboxusercontent.com/u/17481094/9foodtruck_4.jpg,,,
932087459,4/13/2016 20:24:42,false,1957667000,,4/13/2016 20:22:40,false,neodev,1.0,34985385,SRB,00,Belgrade,79.101.91.98,No,Salad,,,,,,,,,,,,,,,,,,,,,$2,Chicken Salad,,,$2,Lamb Salad,$2,,,,,,,,,,,,,,,,,,,,,,,,,,,https://dl.dropboxusercontent.com/u/17481094/9foodtruck_1.jpg,https://dl.dropboxusercontent.com/u/17481094/9foodtruck_2.jpg,https://dl.dropboxusercontent.com/u/17481094/9foodtruck_3.jpg,https://dl.dropboxusercontent.com/u/17481094/9foodtruck_4.jpg,,,
932087459,4/13/2016 20:32:37,false,1957677275,,4/13/2016 20:22:39,false,neodev,0.0,33939537,COL,34,Bogotá,186.29.102.95,No,Falafel,Chicken Over Rice,$5,,,,,,,,,,,,,,,,,,,$4,Chicken Salad,,,$5,Chicken on Pita,$4,Lamb Gyro,$4,Lamb Salad,$5,Veggie Over Rice,$5,Fish & Falafel W/rice,$6,Lamb Over Rice,$5,falafel over rice,$5,,,,,,,,,,,,,,,https://dl.dropboxusercontent.com/u/17481094/9foodtruck_1.jpg,https://dl.dropboxusercontent.com/u/17481094/9foodtruck_2.jpg,https://dl.dropboxusercontent.com/u/17481094/9foodtruck_3.jpg,https://dl.dropboxusercontent.com/u/17481094/9foodtruck_4.jpg,,,
932087460,4/13/2016 20:36:01,false,1957681915,,4/13/2016 20:18:02,false,elite,1.0,36350388,USA,FL,Fort Myers,76.1.160.61,No,"Vegetable, Chicken, Pork, Beef or Shrimp Lo Mein",,,,,,,,,,,,,,,,,,,,,$4.50,"Vegetable, Chicken, Pork, Shrimp, or Beef Fried Rice",,,$4,Sub Gun,$5,Singapore Noodle,$5,"Veg, Chicken, Pork, Beef, or Shrimp Chow Fun",$5,"Veg, Chicken, Pork, Beef. Sub Gun Egg Foo Young",$5,,,,,,,,,,,,,,,,,,,,,https://dl.dropboxusercontent.com/u/17481094/10foodtruck_1.jpg,https://dl.dropboxusercontent.com/u/17481094/10foodtruck_2.jpg,,,,,
932087460,4/13/2016 21:28:13,false,1957752531,,4/13/2016 21:17:43,false,neodev,1.0,12938520,PRT,04,Braga,212.13.56.12,No,Chow Mein,Rice Noodle,$5,Double Cook,$4.50,Ginger,$4.50,Potatoes,$4.50,General Tao's Chicken,$4.75,Hot Spiced Bean Curd,$4.50,Kung Pao Bean Curd,$4,Santeed Bean Sprouts,$4,Grandfather Chicken,$4.75,House Special,$5,$4.50,Chop Suey,Tai Chin,$4.50,$4.50,Sesame,$4.75,String Bean,$4.50,Shangai,$4.75,Scallion,$4.75,Pepper,$4.75,Cucumber,$4.50,eggplant,$4.75,,,,,,,,,,,,,,,https://dl.dropboxusercontent.com/u/17481094/10foodtruck_1.jpg,https://dl.dropboxusercontent.com/u/17481094/10foodtruck_2.jpg,,,,,
932087461,4/13/2016 20:26:07,false,1957669039,,4/13/2016 20:20:20,false,neodev,1.0,35344996,VEN,15,Carrizal,190.75.34.211,No,N/a,N/a,$0,N/a,$0,N/a,$0,N/a,$0,,,,,,,,,,,,,$0,N/a,,,$0,N/a,$0,N/a,$0,N/a,$0,N/a,$0,N/a,$0,N/a,$0,n/a,$0,,,,,,,,,,,,,,,https://dl.dropboxusercontent.com/u/17481094/11foodtruck_1.jpg,https://dl.dropboxusercontent.com/u/17481094/11foodtruck_2.jpg,,,,,
932087461,4/13/2016 20:29:17,false,1957673024,,4/13/2016 20:19:18,false,clixsense,1.0,31847168,SRB,"","",178.220.20.166,No,Chicken W. Vegetables,,,,,,,,,,,,,,,,,,,,,$4.50,Almond Beef,,,$5,Chinese Vegetable Tofu,$4.50,Shrimp W Vegetables,$5,Crab & Cheese Dumplings,$3.50,Shrimp Fried Rice,$3.50,Chiken Wings With Fried Rice,$6,Chiken Wings,$4,,,,,,,,,,,,,,,,,https://dl.dropboxusercontent.com/u/17481094/11foodtruck_1.jpg,https://dl.dropboxusercontent.com/u/17481094/11foodtruck_2.jpg,,,,,
932087462,4/13/2016 20:22:11,false,1957663734,,4/13/2016 20:21:11,false,neodev,1.0,36105825,RUS,66,Saint Petersburg,95.27.58.102,No,,,,,,,,,,,,,,,,,,,,,,,,,,,,,,,,,,,,,,,,,,,,,,,,,,,,,,,https://dl.dropboxusercontent.com/u/17481094/12foodtruck_1.jpg,https://dl.dropboxusercontent.com/u/17481094/12foodtruck_2.jpg,https://dl.dropboxusercontent.com/u/17481094/12foodtruck_3.jpg,,,,
932087462,4/13/2016 20:22:33,false,1957664170,,4/13/2016 20:22:16,false,clixsense,1.0,15358816,PRT,04,Vilar,82.155.101.86,No,,,,,,,,,,,,,,,,,,,,,,,,,,,,,,,,,,,,,,,,,,,,,,,,,,,,,,,https://dl.dropboxusercontent.com/u/17481094/12foodtruck_1.jpg,https://dl.dropboxusercontent.com/u/17481094/12foodtruck_2.jpg,https://dl.dropboxusercontent.com/u/17481094/12foodtruck_3.jpg,,,,
932087463,4/13/2016 20:29:23,false,1957673160,,4/13/2016 20:26:07,false,neodev,1.0,33359708,VEN,14,Ejido,186.95.255.250,Yes,hamburguesa,hamburguesa,hamburguesa,hamburguesa,hamburguesa,hamburguesa,hamburguesa,hamburguesa,hamburguesa,hamburguesa,hamburguesa,hamburguesa,hamburguesa,hamburguesa,hamburguesa,hamburguesa,hamburguesa,hamburguesa,hamburguesa,hamburguesa,hamburguesa,4,hamburguesa,hamburguesa,hamburguesa,3,hamburguesa,4,hamburguesa,4,hamburguesa,hamburguesa,hamburguesa,hamburguesa,hamburguesa,hamburguesa,hamburguesa,hamburguesa,hamburguesa,hamburguesa,,,,,,,,,,,,,,,https://dl.dropboxusercontent.com/u/17481094/13foodtruck_1.jpg,https://dl.dropboxusercontent.com/u/17481094/13foodtruck_2.jpg,,,,,
932087464,4/13/2016 20:22:15,false,1957663798,,4/13/2016 20:21:58,false,clixsense,1.0,15358816,PRT,04,Vilar,82.155.101.86,No,,,,,,,,,,,,,,,,,,,,,,,,,,,,,,,,,,,,,,,,,,,,,,,,,,,,,,,https://dl.dropboxusercontent.com/u/17481094/14foodtruck_1.jpg,https://dl.dropboxusercontent.com/u/17481094/14foodtruck_2.jpg,,,,,
932087465,4/13/2016 20:22:46,false,1957664404,,4/13/2016 20:19:57,false,clixsense,1.0,31778713,IDN,08,Surabaya,180.248.34.88,Yes,,,,,,,,,,,,,,,,,,,,,,,,,,,,,,,,,,,,,,,,,,,,,,,,,,,,,,,https://dl.dropboxusercontent.com/u/17481094/15foodtruck_1.jpg,https://dl.dropboxusercontent.com/u/17481094/15foodtruck_2.jpg,https://dl.dropboxusercontent.com/u/17481094/15foodtruck_3.jpg,,,,
932087466,4/13/2016 21:26:43,false,1957750566,,4/13/2016 21:18:48,false,neodev,1.0,36994438,GRC,35,Athens,37.32.247.218,No,EGG SANDWICH,PORK ROLL EGG & CHEESE,$3,SCRAPPLE EGG & CHEESE,$3,BAGEL WITH CREAM CHEESE,$1.50,MUFFIN,$1.25,MUFFIN TOAST,$1.5,HOT DOG,$1.25,WITH CHILI or CHEESE,$1.50,HOT or MILD SAUSAGE,$2.50,WITH CHILI or CHEESE,$3,KIELBASA,$3,$2,EGG & CHEESE,ITALIAN SAUSAGE,$3,$2.50,GRILLED CHEESE,$2,TURKEY BACON EGG & CHEESE,$3,TURKEY SAUSAGE EGG & CHEESE,$3,B.L.T,$3,PORK BACON EGG & CHEESE,$3,SAUSAGE EGG & CHEESE,$3,HAM EGG & CHEESE,$3,,,,,,,,,,,,,,,https://dl.dropboxusercontent.com/u/17481094/16foodtruck_1.jpg,https://dl.dropboxusercontent.com/u/17481094/16foodtruck_2.jpg,https://dl.dropboxusercontent.com/u/17481094/16foodtruck_3.jpg,,,,
932087466,4/13/2016 21:32:19,false,1957758020,,4/13/2016 21:14:53,false,neodev,1.0,33883284,VEN,07,Valencia,186.95.206.30,No,Hot Dog,Plain Chicken Steak,$4.50,Chicken Cheese Steak,$5,Hamburger,$2.50,Cheese Burger,$3,Bacon Cheese Burger,$4,Double Cheese Burger,$5,Salmon Burger,$3,Salmon Cheese Burger,$3.50,Tuna Salad,$4,Chicken Salad,$4,$1.25,With Chili or Cheese,Egg Sandwich,$2,$1.50,Hot or Mild Sausage,$2.50,With Chili or Cheese,$3,Kielbasa,$3,Italian Sausage,$3,Meatball,$3,Plain Steak,$4.50,Cheese Steak,$5,,,,,,,,,,,,,,,https://dl.dropboxusercontent.com/u/17481094/16foodtruck_1.jpg,https://dl.dropboxusercontent.com/u/17481094/16foodtruck_2.jpg,https://dl.dropboxusercontent.com/u/17481094/16foodtruck_3.jpg,,,,
932087468,4/13/2016 20:22:46,false,1957664414,,4/13/2016 20:19:57,false,clixsense,1.0,31778713,IDN,08,Surabaya,180.248.34.88,Yes,,,,,,,,,,,,,,,,,,,,,,,,,,,,,,,,,,,,,,,,,,,,,,,,,,,,,,,https://dl.dropboxusercontent.com/u/17481094/18foodtruck_1.jpg,https://dl.dropboxusercontent.com/u/17481094/18foodtruck_2.jpg,,,,,
932087469,4/13/2016 20:21:57,false,1957663458,,4/13/2016 20:21:17,false,clixsense,1.0,15358816,PRT,04,Vilar,82.155.101.86,No,,,,,,,,,,,,,,,,,,,,,,,,,,,,,,,,,,,,,,,,,,,,,,,,,,,,,,,https://dl.dropboxusercontent.com/u/17481094/19foodtruck_1.jpg,https://dl.dropboxusercontent.com/u/17481094/19foodtruck_2.jpg,,,,,
932087469,4/13/2016 20:23:37,false,1957665446,,4/13/2016 20:22:48,false,clixsense,1.0,31778713,IDN,08,Surabaya,180.248.34.88,Yes,,,,,,,,,,,,,,,,,,,,,,,,,,,,,,,,,,,,,,,,,,,,,,,,,,,,,,,https://dl.dropboxusercontent.com/u/17481094/19foodtruck_1.jpg,https://dl.dropboxusercontent.com/u/17481094/19foodtruck_2.jpg,,,,,
932087470,4/13/2016 20:25:21,false,1957667938,,4/13/2016 20:22:25,false,clixsense,1.0,36130898,IND,28,Kolkata,101.221.136.21,No,Ss,Asas,$12,Asas,$1,Assa,$2,Sas,$2,Asas,$3,Ssa,$4,Asas,$5,Asas,$6,Asas,$2,Asas,$3,$12,Sas,Asas,$3,$1,Assa,$1,Asas,$12,As,$1,Assa,$12,Asas,$2,Sasa,$1221,sasa,$12,,,,,,,,,,,,,,,https://dl.dropboxusercontent.com/u/17481094/20foodtruck_1.jpg,https://dl.dropboxusercontent.com/u/17481094/20foodtruck_2.jpg,,,,,
932087471,4/13/2016 20:23:00,false,1957664737,,4/13/2016 20:22:12,false,neodev,1.0,36105825,RUS,66,Saint Petersburg,95.27.58.102,No,,,,,,,,,,,,,,,,,,,,,,,,,,,,,,,,,,,,,,,,,,,,,,,,,,,,,,,https://dl.dropboxusercontent.com/u/17481094/21foodtruck_1.jpg,https://dl.dropboxusercontent.com/u/17481094/21foodtruck_2.jpg,,,,,
932087472,4/13/2016 20:21:16,false,1957662518,,4/13/2016 20:19:13,false,clixsense,1.0,15358816,PRT,04,Vilar,82.155.101.86,No,,,,,,,,,,,,,,,,,,,,,,,,,,,,,,,,,,,,,,,,,,,,,,,,,,,,,,,https://dl.dropboxusercontent.com/u/17481094/22foodtruck_1.jpg,https://dl.dropboxusercontent.com/u/17481094/22foodtruck_2.jpg,,,,,
932087472,4/13/2016 20:22:39,false,1957664257,,4/13/2016 20:19:30,false,neodev,1.0,34985385,SRB,00,Belgrade,79.101.91.98,No,,,,,,,,,,,,,,,,,,,,,,,,,,,,,,,,,,,,,,,,,,,,,,,,,,,,,,,https://dl.dropboxusercontent.com/u/17481094/22foodtruck_1.jpg,https://dl.dropboxusercontent.com/u/17481094/22foodtruck_2.jpg,,,,,
932087472,4/13/2016 21:28:55,false,1957753365,,4/13/2016 21:19:58,false,neodev,1.0,11358679,ITA,16,Florence,93.51.70.34,No,Chicken Over Rice / Salad,Combo on Pita,$4,Chicken Kebab on Pita,$4,Fish on Pita,$4,Falafel on Pita,$4,Khyber Sandwich,$4,,,,,,,,,,,$5,Lamb Over Rice / Salad,,,$5,Falafel Over Rice / Salad,$5,Chicken Kebab Over Rice / Salad,$5,Fish Over Rice / Salad,$5,Chicken Falafel Combo,$6,Combo Over Rice / Salad,$6,Chicken on Pita,$4,Lamb on Pita,$4,,,,,,,,,,,,,,,https://dl.dropboxusercontent.com/u/17481094/22foodtruck_1.jpg,https://dl.dropboxusercontent.com/u/17481094/22foodtruck_2.jpg,,,,,
932087473,4/13/2016 20:29:23,false,1957673156,,4/13/2016 20:26:07,false,neodev,1.0,33359708,VEN,14,Ejido,186.95.255.250,Yes,hamburguesa,hamburguesa,hamburguesa,hamburguesa,hamburguesa,hamburguesa,hamburguesa,hamburguesa,hamburguesa,hamburguesa,hamburguesa,hamburguesa,hamburguesa,hamburguesa,hamburguesa,hamburguesa,hamburguesa,hamburguesa,hamburguesa,hamburguesa,hamburguesa,hamburguesa,hamburguesa,hamburguesa,hamburguesa,hamburguesa,hamburguesa,hamburguesa,hamburguesa,hamburguesa,hamburguesa,hamburguesa,hamburguesa,hamburguesa,hamburguesa,hamburguesa,hamburguesa,hamburguesa,hamburguesa,hamburguesa,,,,,,,,,,,,,,,https://dl.dropboxusercontent.com/u/17481094/23foodtruck_1.jpg,https://dl.dropboxusercontent.com/u/17481094/23foodtruck_2.jpg,https://dl.dropboxusercontent.com/u/17481094/23foodtruck_3.jpg,,,,
932087474,4/13/2016 20:21:10,false,1957662416,,4/13/2016 20:18:12,false,neodev,1.0,36105825,RUS,66,Saint Petersburg,95.27.58.102,No,,,,,,,,,,,,,,,,,,,,,,,,,,,,,,,,,,,,,,,,,,,,,,,,,,,,,,,https://dl.dropboxusercontent.com/u/17481094/24foodtruck_1.jpg,https://dl.dropboxusercontent.com/u/17481094/24foodtruck_2.jpg,,,,,
932087474,4/13/2016 21:19:56,false,1957742092,,4/13/2016 21:12:21,false,neodev,1.0,11358679,ITA,16,Florence,93.51.70.34,No,Eggs,Porkroll & Eggs,$4.50,Pork Roll,$4,Pork Roll & Cheese,$4.50,Eggs White,$3.50,Eggs White & Cheese,$4,Double Eggs White,$4.50,Double Eggs White & Cheese,$5,Turkey Bacon Eggs White,$5,Turkey Bacon Eggs White & Cheese,$5.50,Double Eggs White & Turkey Bacon,$6.50,$3,Eggs & Cheese,Egg Salad,$4.50,$3.25,Ham & Eggs,$3.75,Pork Bacon & Eggs,$3.75,Sausage & Eggs,$3.75,Sausage & Roll,$3.75,Sausage & Cheese,$4.50,Turkey Bacon & Eggs,$4.50,Scrapple & Eggs,$4.50,,,,,,,,,,,,,,,https://dl.dropboxusercontent.com/u/17481094/24foodtruck_1.jpg,https://dl.dropboxusercontent.com/u/17481094/24foodtruck_2.jpg,,,,,
932087475,4/13/2016 20:22:11,false,1957663729,,4/13/2016 20:21:11,false,neodev,1.0,36105825,RUS,66,Saint Petersburg,95.27.58.102,No,,,,,,,,,,,,,,,,,,,,,,,,,,,,,,,,,,,,,,,,,,,,,,,,,,,,,,,https://dl.dropboxusercontent.com/u/17481094/25foodtruck_1.jpg,https://dl.dropboxusercontent.com/u/17481094/25foodtruck_2.jpg,https://dl.dropboxusercontent.com/u/17481094/25foodtruck_3.jpg,https://dl.dropboxusercontent.com/u/17481094/25foodtruck_4.jpg,,,
932087475,4/13/2016 20:22:33,false,1957664172,,4/13/2016 20:22:16,false,clixsense,1.0,15358816,PRT,04,Vilar,82.155.101.86,No,,,,,,,,,,,,,,,,,,,,,,,,,,,,,,,,,,,,,,,,,,,,,,,,,,,,,,,https://dl.dropboxusercontent.com/u/17481094/25foodtruck_1.jpg,https://dl.dropboxusercontent.com/u/17481094/25foodtruck_2.jpg,https://dl.dropboxusercontent.com/u/17481094/25foodtruck_3.jpg,https://dl.dropboxusercontent.com/u/17481094/25foodtruck_4.jpg,,,
932087476,4/13/2016 20:25:21,false,1957667939,,4/13/2016 20:22:25,false,clixsense,1.0,36130898,IND,28,Kolkata,101.221.136.21,No,Sasa,Asas,$2,Asas,$2,Asas,$23,As,$23,Ss,$3,Asas,$3,Asas,$4,Saas,$3,Asas,$2,Asas,$1,$3,Asas,Asas,$4,$12,As,$3,As,$5,As,$4,Sas,$4,Asas,$2,Asas,$4,asas,$3,,,,,,,,,,,,,,,https://dl.dropboxusercontent.com/u/17481094/26foodtruck_1.jpg,https://dl.dropboxusercontent.com/u/17481094/26foodtruck_2.jpg,https://dl.dropboxusercontent.com/u/17481094/26foodtruck_3.jpg,https://dl.dropboxusercontent.com/u/17481094/26foodtruck_4.jpg,,,
932087477,4/13/2016 20:23:00,false,1957664738,,4/13/2016 20:22:12,false,neodev,1.0,36105825,RUS,66,Saint Petersburg,95.27.58.102,No,,,,,,,,,,,,,,,,,,,,,,,,,,,,,,,,,,,,,,,,,,,,,,,,,,,,,,,https://dl.dropboxusercontent.com/u/17481094/27foodtruck_1.jpg,https://dl.dropboxusercontent.com/u/17481094/27foodtruck_2.jpg,,,,,
932087478,4/13/2016 20:36:01,false,1957681914,,4/13/2016 20:18:02,false,elite,1.0,36350388,USA,FL,Fort Myers,76.1.160.61,No,Wonton Soup,Subgum Fried Rice,$4,"Veg, Chicken, Shrimp, Pork, or Beef Lo Mein",$3.75,Subgum Lo Mein,$5,Beijing Hot Noodles,$2.75,"Chicken, Pork, Beef, or Shrimp Yat Mein",$2.75,Singapore Rice Noodles,$4,"Bean Sprouts W. Shrimp, Chicken, Pork or Beef",$3.50,Sweet & Sour Chicken,$4,"Mushrooms W. Chicken, Beef, Pork, or Shrimp",$4,"Chicken, Beef, or Shrimp in Black Bean Sauce",$4,$1.25,Chicken Veg. Soup,"Chicken, Beef, Pork, or Shrimp Egg Foo Young",$4,$1.25,House Special Wonton Soup,$4,Steamed Rice,$1,Plain Fried Rice,$1,Veg. Fried Rice,$2.50,Chicken or Pork Fried Rice,$2.75,Beef Fried Rice,$3,Shrimp Fried Rice,$3.25,,,,,,,,,,,,,,,https://dl.dropboxusercontent.com/u/17481094/28foodtruck_1.jpg,https://dl.dropboxusercontent.com/u/17481094/28foodtruck_2.jpg,,,,,
932087478,4/13/2016 21:39:39,false,1957767429,,4/13/2016 21:21:58,false,instagc,1.0,36325839,VEN,23,Maracaibo,186.94.232.69,No,Fried Wonton (5),Pork Belly,$4,Beef Chow Fun,$4,Moo Goo Zui Pan,$4,Braised Tofu W. Pork,$4,Beef Belly,$4.50,Spicy Triple Delight,$5,Sam Kip Dai,$5,Szechuan Tofu,$3.50,Broccoli in Garlic Sauce,$3.50,Eggplant W. Tofu,$3.75,$1.25,Shrimp Egg Roll (1),Eggplant in Garlic Sauce,$4,$1.25,"Bean Sprouts W. Shrimp, Chicken, Pork or Beef",$3.50,Sweet & Sour Chicken,$4,Grandfather Chicken,$4,General Tso´S Chicken,$4,Sesame Chicken,$4,Orange Chicken,$4,Fried Fish in Garlic Sauce,$4,,,,,,,,,,,,,,,https://dl.dropboxusercontent.com/u/17481094/28foodtruck_1.jpg,https://dl.dropboxusercontent.com/u/17481094/28foodtruck_2.jpg,,,,,
932087479,4/13/2016 21:36:08,false,1957762952,,4/13/2016 21:24:18,false,elite,1.0,36882579,GBR,H9,London,193.109.196.152,No,Chicken,Chicken Primavera,$6,The Mexi,$6,The Cali,$6,Chicken & Chorizo,$6,Beef & Chorizo,$6.75,The Basic,$4,Spinach,$4,Roasted Pepper,$4,Spinach &roasted Peppers,$4.75,Guacamole,$5,$5,Chicken Verde,Sweet Potato,$4.75,$5,Beef Barbacoa,$5.75,Pork Carnitas,$5,Pork Verde,$5,Chicken Fajita,$6,Beef Fajita,$6.75,Pork Fajita,$6,pollo y papas,$6,,,,,,,,,,,,,,,https://dl.dropboxusercontent.com/u/17481094/29foodtruck_1.jpg,https://dl.dropboxusercontent.com/u/17481094/29foodtruck_2.jpg,https://dl.dropboxusercontent.com/u/17481094/29foodtruck_3.jpg,,,,
932195096,4/13/2016 21:17:41,true,1957739150,,4/13/2016 21:11:19,false,neodev,1.0,12938520,PRT,04,Braga,212.13.56.12,No,Chips & Guacamole,,,,,,,,,,,,,,,,,,,,,$3,Grilled Plantains,,,$1,Fresh Guacamole,$1,Whole Wheat,$0.26,Extra Cheese,$1,Extra Sour Cream,$1,,,,,,,,No,Chips & Guacamole,$3,Grilled Plantains,$1,Fresh Guacamole,$1,Whole Wheat,$0.26,Extra Cheese,$1,Extra Sour Cream,$1,http://i.imgur.com/OgPdZV3.jpg,,,,,,
932195096,4/13/2016 21:19:30,true,1957741477,,4/13/2016 21:15:48,false,clixsense,1.0,34183330,IDN,04,Jakarta,180.214.233.2,No,CHIPS & GUACAMOLE,,,,,,,,,,,,,,,,,,,,,$3,GRILLED PLANTAINS,,,$1,FRESH GUACAMOLE,$1,WHOLE WHEAT,$0.26,EXTRA CHEESE,$1,EXTRA SOUR CREAM,$1,,,,,,,,No,Chips & Guacamole,$3,Grilled Plantains,$1,Fresh Guacamole,$1,Whole Wheat,$0.26,Extra Cheese,$1,Extra Sour Cream,$1,http://i.imgur.com/OgPdZV3.jpg,,,,,,
932195096,4/13/2016 21:24:16,true,1957747551,,4/13/2016 21:15:51,false,elite,1.0,36882579,GBR,H9,London,193.109.196.152,No,Chips & Guacamole,,,,,,,,,,,,,,,,,,,,,$3,Grilled Plantains,,,$1,Fresh Guacamole,$1,Whole Wheat,$0.26,Extra Cheese,$1,Extra Sour Cream,$1,,,,,,,,No,Chips & Guacamole,$3,Grilled Plantains,$1,Fresh Guacamole,$1,Whole Wheat,$0.26,Extra Cheese,$1,Extra Sour Cream,$1,http://i.imgur.com/OgPdZV3.jpg,,,,,,
932195096,4/13/2016 21:26:18,true,1957750049,,4/13/2016 21:15:39,false,neodev,1.0,30940159,COL,02,Medellín,186.85.116.137,No,Chips & Guacamole,,,,,,,,,,,,,,,,,,,,,$3,Grilled Plantains,,,$1,Fresh Guacamole,$1,Whole Wheat,$0.26,Extra Cheese,$1,Extra Sour Cream,$1,,,,,,,,No,Chips & Guacamole,$3,Grilled Plantains,$1,Fresh Guacamole,$1,Whole Wheat,$0.26,Extra Cheese,$1,Extra Sour Cream,$1,http://i.imgur.com/OgPdZV3.jpg,,,,,,
932195096,4/13/2016 21:26:43,true,1957750567,,4/13/2016 21:18:48,false,neodev,1.0,36994438,GRC,35,Athens,37.32.247.218,No,CHIPS & GUACAMOLE,,,,,,,,,,,,,,,,,,,,,$3,GRILLED PLANTAINS,,,$1,FRESH GUACAMOLE,$1,WHOLE WHEAT,$0.26,EXTRA CHEESE,$1,EXTRA SOUR CREAM,$1,,,,,,,,No,Chips & Guacamole,$3,Grilled Plantains,$1,Fresh Guacamole,$1,Whole Wheat,$0.26,Extra Cheese,$1,Extra Sour Cream,$1,http://i.imgur.com/OgPdZV3.jpg,,,,,,
932195096,4/13/2016 21:28:56,true,1957753417,,4/13/2016 21:10:18,false,elite,1.0,30500478,BIH,01,Tesanj,185.26.178.116,No,CHIPS & GUACAMOLE,,,,,,,,,,,,,,,,,,,,,$3,GRILLED PLANTAINS,,,$1,FRESH GUACAMOLE,$1,WHOLE WHEAT,$0.26,EXTRA CHEESE,$1,EXTRA SOUR CREAM,$1,,,,,,,,No,Chips & Guacamole,$3,Grilled Plantains,$1,Fresh Guacamole,$1,Whole Wheat,$0.26,Extra Cheese,$1,Extra Sour Cream,$1,http://i.imgur.com/OgPdZV3.jpg,,,,,,
932195096,4/13/2016 21:32:23,true,1957758089,,4/13/2016 21:17:29,false,elite,1.0,35959324,BRA,30,Recife,187.78.144.147,No,Chips & Guacamole,,,,,,,,,,,,,,,,,,,,,$3,GRILLED PLANTAINS,,,$1,FRESH GUACAMOLE,$1,WHOLE WHEAT,$0.26,EXTRA CHEESE,$1,EXTRA SOUR CREAM,$1,,,,,,,,No,Chips & Guacamole,$3,Grilled Plantains,$1,Fresh Guacamole,$1,Whole Wheat,$0.26,Extra Cheese,$1,Extra Sour Cream,$1,http://i.imgur.com/OgPdZV3.jpg,,,,,,
932195096,4/13/2016 21:32:43,true,1957758376,,4/13/2016 21:20:32,false,neodev,1.0,34969140,SRB,00,Belgrade,46.240.249.4,No,Chips & Guacamole,,,,,,,,,,,,,,,,,,,,,$3,Grilled Plantains,,,$1,Fresh Guacamole,$1,Whole Wheat,$0.26,Extra Cheese,$1,Extra Sour Cream,$1,,,,,,,,No,Chips & Guacamole,$3,Grilled Plantains,$1,Fresh Guacamole,$1,Whole Wheat,$0.26,Extra Cheese,$1,Extra Sour Cream,$1,http://i.imgur.com/OgPdZV3.jpg,,,,,,
932196803,4/13/2016 21:13:13,true,1957732883,,4/13/2016 21:04:46,false,neodev,1.0,36956678,UKR,15,Lviv,194.44.121.5,No,Salmon Burger,,,,,,,,,,,,,,,,,,,,,$3,Salmon Cheese Burger,,,$3.50,Ham Burger,$3,Cheese Burger,$3.50,Double Cheese Burger,$5,,,,,,,,,,No,Salmon Burger,$3,Salmon Cheese Burger,$3.50,Ham Burger,$3,Cheese Burger,$3.50,Double Cheese Burger,$5,,,http://i.imgur.com/BH2XCh8.jpg,,,,,,
932196803,4/13/2016 21:13:46,true,1957733733,,4/13/2016 21:07:07,false,clixsense,1.0,19420291,BRA,15,Juiz De Fora,189.13.131.79,No,Salmon Burger,,,,,,,,,,,,,,,,,,,,,$3,Salmon Cheese Burger,,,$3.50,Ham Burger,$3,Cheese Burger,$3.50,Double Cheese Burger,$5,,,,,,,,,,No,Salmon Burger,$3,Salmon Cheese Burger,$3.50,Ham Burger,$3,Cheese Burger,$3.50,Double Cheese Burger,$5,,,http://i.imgur.com/BH2XCh8.jpg,,,,,,
932196803,4/13/2016 21:18:02,true,1957739608,,4/13/2016 21:10:55,false,elite,1.0,32557092,BGR,64,Vratsa,94.139.212.137,No,SALMON BURGER,,,,,,,,,,,,,,,,,,,,,$3,SALMON CHEESE BURGER,,,$3.50,HAM BURGER,$3,CHEESE BURGER,$3.50,DOUBLE CHEESE BURGER,$5,,,,,,,,,,No,Salmon Burger,$3,Salmon Cheese Burger,$3.50,Ham Burger,$3,Cheese Burger,$3.50,Double Cheese Burger,$5,,,http://i.imgur.com/BH2XCh8.jpg,,,,,,
932196803,4/13/2016 21:18:54,true,1957740678,,4/13/2016 21:10:31,false,clixsense,0.75,33315191,IND,07,Delhi,106.203.79.249,No,SALMON BURGER,,,,,,,,,,,,,,,,,,,,,$3,SALMON CHEESE BURGER,,,$3.50,HAM BURGER,$3,CHEESE BURGER,$3.50,DOUBLE CHEESE BURGER,$5,,,,,,,,,,No,Salmon Burger,$3,Salmon Cheese Burger,$3.50,Ham Burger,$3,Cheese Burger,$3.50,Double Cheese Burger,$5,,,http://i.imgur.com/BH2XCh8.jpg,,,,,,
932196803,4/13/2016 21:22:48,true,1957745619,,4/13/2016 21:16:45,false,elite,1.0,34473616,BIH,"","",91.191.16.135,No,Salmon Burger,,,,,,,,,,,,,,,,,,,,,$3,Salmon Cheese Burger,,,$3.50,Ham Burger,$3,Cheese Burger,$3.50,Double Cheese Burger,$5,,,,,,,,,,No,Salmon Burger,$3,Salmon Cheese Burger,$3.50,Ham Burger,$3,Cheese Burger,$3.50,Double Cheese Burger,$5,,,http://i.imgur.com/BH2XCh8.jpg,,,,,,
932196803,4/13/2016 21:28:14,true,1957752558,,4/13/2016 21:22:52,false,clixsense,1.0,36537552,POL,79,Zdzieszowice,87.206.235.81,No,SALMON BURGER,,,,,,,,,,,,,,,,,,,,,$3,SALMON CHEESE BURGER,,,$3.50,HAM BURGER,$3,CHEESE BURGER,$3.50,DOUBLE CHEESE BURGER,$5,,,,,,,,,,No,Salmon Burger,$3,Salmon Cheese Burger,$3.50,Ham Burger,$3,Cheese Burger,$3.50,Double Cheese Burger,$5,,,http://i.imgur.com/BH2XCh8.jpg,,,,,,
932196803,4/13/2016 21:32:19,true,1957758017,,4/13/2016 21:14:53,false,neodev,1.0,33883284,VEN,07,Valencia,186.95.206.30,No,Salmon Burger,,,,,,,,,,,,,,,,,,,,,$3,Salmon Cheese Burger,,,$3.50,Ham Burger,$3,Cheese Burger,$3.50,Double Cheese Burger,$5,,,,,,,,,,No,Salmon Burger,$3,Salmon Cheese Burger,$3.50,Ham Burger,$3,Cheese Burger,$3.50,Double Cheese Burger,$5,,,http://i.imgur.com/BH2XCh8.jpg,,,,,,
932196803,4/13/2016 21:36:08,true,1957762951,,4/13/2016 21:24:18,false,elite,1.0,36882579,GBR,H9,London,193.109.196.152,No,Salmon Burger,,,,,,,,,,,,,,,,,,,,,$3,Salmon Cheese Burger,,,$3.50,Ham Burger,$3,Cheese Burger,$3.50,Double Cheese Burger,$5,,,,,,,,,,No,Salmon Burger,$3,Salmon Cheese Burger,$3.50,Ham Burger,$3,Cheese Burger,$3.50,Double Cheese Burger,$5,,,http://i.imgur.com/BH2XCh8.jpg,,,,,,
932197376,4/13/2016 21:19:56,true,1957742091,,4/13/2016 21:12:21,false,neodev,1.0,11358679,ITA,16,Florence,93.51.70.34,No,Italian Sausage,,,,,,,,,,,,,,,,,,,,,$3,Meatball,,,$3,Plain Steak,$4.50,Cheese Steak,$5,Plain Chicken Steak,$4.50,,,,,,,,,,No,Italian Sausage,$3,Meatball,$3,Plain Steak,$4.50,Cheese Steak,$5,Plain Chicken Steak,$4.50,,,http://i.imgur.com/SZP6Zne.jpg,,,,,,
932197376,4/13/2016 21:26:18,true,1957750054,,4/13/2016 21:15:39,false,neodev,1.0,30940159,COL,02,Medellín,186.85.116.137,No,Italian Sausage,,,,,,,,,,,,,,,,,,,,,$3,Meatball,,,$3,Plain Steak,$4.50,Cheese Steak,$5,Plain Chicken Steak,$4.50,,,,,,,,,,No,Italian Sausage,$3,Meatball,$3,Plain Steak,$4.50,Cheese Steak,$5,Plain Chicken Steak,$4.50,,,http://i.imgur.com/SZP6Zne.jpg,,,,,,
932197376,4/13/2016 21:26:40,true,1957750490,,4/13/2016 21:19:33,false,clixsense,1.0,34183330,IDN,04,Jakarta,180.214.233.2,No,ITALIAN SAUSAGE,,,,,,,,,,,,,,,,,,,,,$3,MEATBALL,,,$3,PLAIN STEAK,$4.50,CHEESE STEAK,$5,PLAIN CHICKEN STEAK,$4.50,,,,,,,,,,No,Italian Sausage,$3,Meatball,$3,Plain Steak,$4.50,Cheese Steak,$5,Plain Chicken Steak,$4.50,,,http://i.imgur.com/SZP6Zne.jpg,,,,,,
932197376,4/13/2016 21:34:33,true,1957760773,,4/13/2016 21:13:14,false,neodev,1.0,36956678,UKR,15,Lviv,194.44.121.5,No,Italian Sausage,,,,,,,,,,,,,,,,,,,,,$3,Meatball,,,$3,Plain Steak,$4.50,Cheese Steak,$5,Plain Chicken Steak,$4.50,,,,,,,,,,No,Italian Sausage,$3,Meatball,$3,Plain Steak,$4.50,Cheese Steak,$5,Plain Chicken Steak,$4.50,,,http://i.imgur.com/SZP6Zne.jpg,,,,,,
932197916,4/13/2016 21:18:54,true,1957740649,,4/13/2016 21:10:31,false,clixsense,0.75,33315191,IND,07,Delhi,106.203.79.249,No,BONELESS SPARE RIBS,,,,,,,,,,,,,,,,,,,,,$4.75,SESAME CHICKEN,,,$4.75,ORANGE CHICKEN,$4.75,GENERAL TSO'S CHICKEN,$4.75,SWEET & SOUR CHICKEN,$4.75,,,,,,,,,,No,Boneless Spare Ribs,$4.75,Sesame Chicken,$4.75,Orange Chicken,$4.75,General Tso's Chicken,$4.75,Sweet & Sour Chicken,$4.75,,,http://i.imgur.com/Na4XhLm.jpg,,,,,,
932197916,4/13/2016 21:28:13,true,1957752529,,4/13/2016 21:17:43,false,neodev,1.0,12938520,PRT,04,Braga,212.13.56.12,No,Boneless Spare Ribs,,,,,,,,,,,,,,,,,,,,,$4.75,Sesame Chicken,,,$4.75,Orange Chicken,$4.75,General Tso's Chicken,$4.75,Sweet & Sour Chicken,$4.75,,,,,,,,,,No,Boneless Spare Ribs,$4.75,Sesame Chicken,$4.75,Orange Chicken,$4.75,General Tso's Chicken,$4.75,Sweet & Sour Chicken,$4.75,,,http://i.imgur.com/Na4XhLm.jpg,,,,,,
932197916,4/13/2016 21:29:01,true,1957753579,,4/13/2016 21:20:36,false,clixsense,1.0,34007947,IDN,08,Surabaya,112.215.153.207,No,BONELESS SPARE RIBS,,,,,,,,,,,,,,,,,,,,,$4.75,SESAME CHICKEN,,,$4.75,ORANGE CHICKEN,$4.75,GENERAL TSO'S CHICKEN,$4.75,SWEET & SOUR CHICKEN,$4.75,,,,,,,,,,No,Boneless Spare Ribs,$4.75,Sesame Chicken,$4.75,Orange Chicken,$4.75,General Tso's Chicken,$4.75,Sweet & Sour Chicken,$4.75,,,http://i.imgur.com/Na4XhLm.jpg,,,,,,
932197916,4/13/2016 21:38:31,true,1957766009,,4/13/2016 21:19:15,false,clixsense,1.0,35905302,EGY,"","",45.244.202.141,No,BONELESS SPARE RIBS,,,,,,,,,,,,,,,,,,,,,$4.75,SESAME CHICKEN,,,$4.75,ORANGE CHICKEN,$4.75,GENERAL TSO'S CHICKEN,$4.75,SWEET & SOUR CHICKEN,$4.75,,,,,,,,,,No,Boneless Spare Ribs,$4.75,Sesame Chicken,$4.75,Orange Chicken,$4.75,General Tso's Chicken,$4.75,Sweet & Sour Chicken,$4.75,,,http://i.imgur.com/Na4XhLm.jpg,,,,,,
932197916,4/13/2016 21:44:22,true,1957773419,,4/13/2016 21:16:42,false,neodev,1.0,34980763,ESP,31,Molina De Segura,95.39.140.222,No,Boneless Spare Ribs,,,,,,,,,,,,,,,,,,,,,$4.75,Sesame Chicken,,,$4.75,Orange Chicken,$4.75,General Tso's Chicken,$4.75,Sweet & Sour Chicken,$4.75,,,,,,,,,,No,Boneless Spare Ribs,$4.75,Sesame Chicken,$4.75,Orange Chicken,$4.75,General Tso's Chicken,$4.75,Sweet & Sour Chicken,$4.75,,,http://i.imgur.com/Na4XhLm.jpg,,,,,,
932221818,4/13/2016 21:12:20,true,1957731635,,4/13/2016 21:03:56,false,neodev,1.0,11358679,ITA,16,Florence,93.51.70.34,No,Vegetable Fried Rice,,,,,,,,,,,,,,,,,,,,,$4.25,Pork Fried Rice,,,$4.25,Chicken Fried Rice,$4.25,Beef Fried Rice,$4.50,Shrimp Fried Rice,$4.50,Subgum Fried Rice,$5,,,,,,,,No,Vegetable Fried Rice,$4.25,Pork Fried Rice,$4.25,Chicken Fried Rice,$4.25,Beef Fried Rice,$4.50,Shrimp Fried Rice,$4.50,Subgum Fried Rice,$5,http://i.imgur.com/Ra3SQWS.jpg,,,,,,
932221818,4/13/2016 21:18:47,true,1957740463,,4/13/2016 21:13:04,false,neodev,1.0,36994438,GRC,35,Athens,37.32.247.218,No,VEGETABLE FRIED RICE,,,,,,,,,,,,,,,,,,,,,$4.25,PORK FRIED RICE,,,$4.25,CHICKEN FRIED RICE,$4.25,BEEF FRIED RICE,$4.50,SHRIMP FRIED RICE,$4.50,SUBGUM FRIED RICE,$5,,,,,,,,No,Vegetable Fried Rice,$4.25,Pork Fried Rice,$4.25,Chicken Fried Rice,$4.25,Beef Fried Rice,$4.50,Shrimp Fried Rice,$4.50,Subgum Fried Rice,$5,http://i.imgur.com/Ra3SQWS.jpg,,,,,,
932221818,4/13/2016 21:32:23,true,1957758083,,4/13/2016 21:17:29,false,elite,1.0,35959324,BRA,30,Recife,187.78.144.147,No,VEGETABLE FRIED RICE,,,,,,,,,,,,,,,,,,,,,$4.25,PORK FRIED RICE,,,$4.25,CHICKEN FRIED RICE,$4.25,BEEF FRIED RICE,$4.50,SHRIMP FRIED RICE,$4.50,SUBGUM FRIED RICE,$5,,,,,,,,No,Vegetable Fried Rice,$4.25,Pork Fried Rice,$4.25,Chicken Fried Rice,$4.25,Beef Fried Rice,$4.50,Shrimp Fried Rice,$4.50,Subgum Fried Rice,$5,http://i.imgur.com/Ra3SQWS.jpg,,,,,,
932221818,4/13/2016 21:34:26,true,1957760615,true,4/13/2016 21:25:23,false,clixsense,0.75,33315191,IND,07,Delhi,106.203.79.249,No,GEGETABLE FRIED RICE,,,,,,,,,,,,,,,,,,,,,$4.25,PORK FRIED RICE,,,$4.25,CHICKEN FRIED RICE,$4.25,BEEF FRIED RICE,$4.50,SHRIMP FRIED RICE,$4.50,SUBGUM FRIED RICE,$5,,,,,,,,No,Vegetable Fried Rice,$4.25,Pork Fried Rice,$4.25,Chicken Fried Rice,$4.25,Beef Fried Rice,$4.50,Shrimp Fried Rice,$4.50,Subgum Fried Rice,$5,http://i.imgur.com/Ra3SQWS.jpg,,,,,,
932221818,4/13/2016 21:36:53,true,1957763904,,4/13/2016 21:07:49,false,neodev,1.0,30230665,BGD,81,Dhaka,103.231.162.54,No,VEGETABLE FRIED RICE,,,,,,,,,,,,,,,,,,,,,$4.25,PORK FRIED RICE,,,$4.25,CHICKEN FRIED RICE,$4.25,BEEF FRIED RICE,$4.50,SHRIMP FRIED RICE,$4.50,SUBGUM FRIED RICE,$5,,,,,,,,No,Vegetable Fried Rice,$4.25,Pork Fried Rice,$4.25,Chicken Fried Rice,$4.25,Beef Fried Rice,$4.50,Shrimp Fried Rice,$4.50,Subgum Fried Rice,$5,http://i.imgur.com/Ra3SQWS.jpg,,,,,,
932221818,4/13/2016 21:44:22,true,1957773421,,4/13/2016 21:16:42,false,neodev,1.0,34980763,ESP,31,Molina De Segura,95.39.140.222,No,Vegetable Fried Rice,,,,,,,,,,,,,,,,,,,,,$4.25,Pork Fried Rice,,,$4.25,Chicken Fried Rice,$4.25,Beef Fried Rice,$4.50,Shrimp Fried Rice,$4.50,Subgum Fried Rice,$5,,,,,,,,No,Vegetable Fried Rice,$4.25,Pork Fried Rice,$4.25,Chicken Fried Rice,$4.25,Beef Fried Rice,$4.50,Shrimp Fried Rice,$4.50,Subgum Fried Rice,$5,http://i.imgur.com/Ra3SQWS.jpg,,,,,,
932245967,4/13/2016 21:12:20,true,1957731632,,4/13/2016 21:03:56,false,neodev,1.0,11358679,ITA,16,Florence,93.51.70.34,Yes,,,,,,,,,,,,,,,,,,,,,,,,,,,,,,,,,,,,,,,,,,Yes,,,,,,,,,,,,,http://i.imgur.com/vZ6srBF.jpg,,,,,,
932245967,4/13/2016 21:13:46,true,1957733731,,4/13/2016 21:07:07,false,clixsense,1.0,19420291,BRA,15,Juiz De Fora,189.13.131.79,Yes,,,,,,,,,,,,,,,,,,,,,,,,,,,,,,,,,,,,,,,,,,Yes,,,,,,,,,,,,,http://i.imgur.com/vZ6srBF.jpg,,,,,,
932245967,4/13/2016 21:14:51,true,1957735275,,4/13/2016 21:05:35,false,neodev,1.0,33883284,VEN,07,Valencia,186.95.206.30,Yes,,,,,,,,,,,,,,,,,,,,,,,,,,,,,,,,,,,,,,,,,,Yes,,,,,,,,,,,,,http://i.imgur.com/vZ6srBF.jpg,,,,,,
932245967,4/13/2016 21:17:41,true,1957739153,,4/13/2016 21:11:19,false,neodev,1.0,12938520,PRT,04,Braga,212.13.56.12,Yes,,,,,,,,,,,,,,,,,,,,,,,,,,,,,,,,,,,,,,,,,,Yes,,,,,,,,,,,,,http://i.imgur.com/vZ6srBF.jpg,,,,,,
932245967,4/13/2016 21:18:47,true,1957740464,,4/13/2016 21:13:04,false,neodev,1.0,36994438,GRC,35,Athens,37.32.247.218,Yes,,,,,,,,,,,,,,,,,,,,,,,,,,,,,,,,,,,,,,,,,,Yes,,,,,,,,,,,,,http://i.imgur.com/vZ6srBF.jpg,,,,,,
932245967,4/13/2016 21:22:48,true,1957745621,,4/13/2016 21:16:45,false,elite,1.0,34473616,BIH,"","",91.191.16.135,Yes,,,,,,,,,,,,,,,,,,,,,,,,,,,,,,,,,,,,,,,,,,Yes,,,,,,,,,,,,,http://i.imgur.com/vZ6srBF.jpg,,,,,,
932245967,4/13/2016 21:28:14,true,1957752557,,4/13/2016 21:22:52,false,clixsense,1.0,36537552,POL,79,Zdzieszowice,87.206.235.81,Yes,,,,,,,,,,,,,,,,,,,,,,,,,,,,,,,,,,,,,,,,,,Yes,,,,,,,,,,,,,http://i.imgur.com/vZ6srBF.jpg,,,,,,
932245967,4/13/2016 21:29:01,true,1957753572,,4/13/2016 21:20:36,false,clixsense,1.0,34007947,IDN,08,Surabaya,112.215.153.207,Yes,,,,,,,,,,,,,,,,,,,,,,,,,,,,,,,,,,,,,,,,,,Yes,,,,,,,,,,,,,http://i.imgur.com/vZ6srBF.jpg,,,,,,
932245967,4/13/2016 21:29:27,true,1957754262,,4/13/2016 21:08:29,false,elite,1.0,37275192,SRB,00,Belgrade,109.92.158.211,Yes,,,,,,,,,,,,,,,,,,,,,,,,,,,,,,,,,,,,,,,,,,Yes,,,,,,,,,,,,,http://i.imgur.com/vZ6srBF.jpg,,,,,,
932245967,4/13/2016 21:39:39,true,1957767430,,4/13/2016 21:21:58,false,instagc,1.0,36325839,VEN,23,Maracaibo,186.94.232.69,Yes,,,,,,,,,,,,,,,,,,,,,,,,,,,,,,,,,,,,,,,,,,Yes,,,,,,,,,,,,,http://i.imgur.com/vZ6srBF.jpg,,,,,,
932249747,4/13/2016 21:14:51,true,1957735273,,4/13/2016 21:05:35,false,neodev,1.0,33883284,VEN,07,Valencia,186.95.206.30,No,Hot Dog,,,,,,,,,,,,,,,,,,,,,$1.25,With Chili or Cheese,,,$1.50,Hot or Mild Sausage,$2.50,With Chili or Cheese,$3,Kielbasa,$3,,,,,,,,,,No,Hot Dog,$1.25,With Chili or Cheese,$1.50,Hot or Mild Sausage,$2.50,With Chili or Cheese,$3,Kielbasa,$3,,,http://i.imgur.com/7DudiyG.jpg,,,,,,
932249747,4/13/2016 21:19:30,true,1957741487,,4/13/2016 21:15:48,false,clixsense,1.0,34183330,IDN,04,Jakarta,180.214.233.2,No,hOT DOG,,,,,,,,,,,,,,,,,,,,,$1.25,WITH CHILI or CHEESE,,,$1.50,HOT or MILD SAUSAGE,$2.50,WITH CHILI or CHEESE,$3,KIELBASA,$3,,,,,,,,,,No,Hot Dog,$1.25,With Chili or Cheese,$1.50,Hot or Mild Sausage,$2.50,With Chili or Cheese,$3,Kielbasa,$3,,,http://i.imgur.com/7DudiyG.jpg,,,,,,
932249747,4/13/2016 21:21:56,true,1957744596,,4/13/2016 21:09:20,false,instagc,1.0,36325839,VEN,23,Maracaibo,186.94.232.69,No,HOT DOG,,,,,,,,,,,,,,,,,,,,,$1.25,WITH CHILI or CHEESE,,,$1.50,HOT or MILD SAUSAGE,$2.50,WITH CHILI or CHEESE,$3,KIELBASA,$3,,,,,,,,,,No,Hot Dog,$1.25,With Chili or Cheese,$1.50,Hot or Mild Sausage,$2.50,With Chili or Cheese,$3,Kielbasa,$3,,,http://i.imgur.com/7DudiyG.jpg,,,,,,
932249747,4/13/2016 21:24:16,true,1957747549,,4/13/2016 21:15:51,false,elite,1.0,36882579,GBR,H9,London,193.109.196.152,No,Hot Dog,,,,,,,,,,,,,,,,,,,,,$1.25,With Chili or Cheese,,,$1.50,Hot or Mild Sausage,$2.50,With Chili or Cheese,$3,Kielbasa,$3,,,,,,,,,,No,Hot Dog,$1.25,With Chili or Cheese,$1.50,Hot or Mild Sausage,$2.50,With Chili or Cheese,$3,Kielbasa,$3,,,http://i.imgur.com/7DudiyG.jpg,,,,,,
932249747,4/13/2016 21:25:22,true,1957748848,,4/13/2016 21:18:56,false,clixsense,0.75,33315191,IND,07,Delhi,106.203.79.249,No,HOT DOG,,,,,,,,,,,,,,,,,,,,,$1.25,WITH CHILI or CHEESE,,,$1.50,HOT or MILD SAUSAGE,$2.50,WITH CHILI or CHEESE,$3,KIELBASA,$3,,,,,,,,,,No,Hot Dog,$1.25,With Chili or Cheese,$1.50,Hot or Mild Sausage,$2.50,With Chili or Cheese,$3,Kielbasa,$3,,,http://i.imgur.com/7DudiyG.jpg,,,,,,
932249747,4/13/2016 21:28:55,true,1957753366,,4/13/2016 21:19:58,false,neodev,1.0,11358679,ITA,16,Florence,93.51.70.34,No,Hot Dog,,,,,,,,,,,,,,,,,,,,,$1.25,With Chili or Cheese,,,$1.50,Hot or Mild Sausage,$2.50,With Chili or Cheese,$3,Kielbasa,$3,,,,,,,,,,No,Hot Dog,$1.25,With Chili or Cheese,$1.50,Hot or Mild Sausage,$2.50,With Chili or Cheese,$3,Kielbasa,$3,,,http://i.imgur.com/7DudiyG.jpg,,,,,,
932249747,4/13/2016 21:32:43,true,1957758386,,4/13/2016 21:20:32,false,neodev,1.0,34969140,SRB,00,Belgrade,46.240.249.4,No,Hot Dog,,,,,,,,,,,,,,,,,,,,,$1.25,With Chili or Cheese,,,$1.50,Hot or Mild Sausage,$2.50,With Chili or Cheese,$3,Kielbasa,$3,,,,,,,,,,No,Hot Dog,$1.25,With Chili or Cheese,$1.50,Hot or Mild Sausage,$2.50,With Chili or Cheese,$3,Kielbasa,$3,,,http://i.imgur.com/7DudiyG.jpg,,,,,,
932249747,4/13/2016 21:36:53,true,1957763901,,4/13/2016 21:07:49,false,neodev,1.0,30230665,BGD,81,Dhaka,103.231.162.54,No,HOT DOG,,,,,,,,,,,,,,,,,,,,,$1.25,WITH CHILI or CHEESE,,,$1.50,HOT or MILD SAUSAGE,$2.50,WITH CHILI or CHEESE,$3,KIELBASA,$3,,,,,,,,,,No,Hot Dog,$1.25,With Chili or Cheese,$1.50,Hot or Mild Sausage,$2.50,With Chili or Cheese,$3,Kielbasa,$3,,,http://i.imgur.com/7DudiyG.jpg,,,,,,
932250420,4/13/2016 21:13:13,true,1957732878,,4/13/2016 21:04:46,false,neodev,1.0,36956678,UKR,15,Lviv,194.44.121.5,No,Pork or Chicken Chow Fun,,,,,,,,,,,,,,,,,,,,,$4.50,Beef or Shrimp Chow Fun,,,$4.75,Subgum Chow Fun,$5,,,,,,,,,,,,,,No,Pork or Chicken Chow Fun,$4.50,Beef or Shrimp Chow Fun,$4.75,Subgum Chow Fun,$5,,,,,,,http://i.imgur.com/J7FPFdn.jpg,,,,,,
932250420,4/13/2016 21:18:02,true,1957739614,,4/13/2016 21:10:55,false,elite,1.0,32557092,BGR,64,Vratsa,94.139.212.137,No,PORK or CHICKEN CHOW FUN,,,,,,,,,,,,,,,,,,,,,$4.50,BEEF or SHRIMP CHOW FUN,,,$4.75,SUBGUM CHOW FUN,$5,,,,,,,,,,,,,,No,Pork or Chicken Chow Fun,$4.50,Beef or Shrimp Chow Fun,$4.75,Subgum Chow Fun,$5,,,,,,,http://i.imgur.com/J7FPFdn.jpg,,,,,,
932250420,4/13/2016 21:21:56,true,1957744583,,4/13/2016 21:09:20,false,instagc,1.0,36325839,VEN,23,Maracaibo,186.94.232.69,No,PORK or CHICKEN CHOW FUN,,,,,,,,,,,,,,,,,,,,,$4.50,BEEF or SHRIMP CHOW FUN,,,$4.75,SUBGUM CHOW FUN,$5,,,,,,,,,,,,,,No,Pork or Chicken Chow Fun,$4.50,Beef or Shrimp Chow Fun,$4.75,Subgum Chow Fun,$5,,,,,,,http://i.imgur.com/J7FPFdn.jpg,,,,,,
932250420,4/13/2016 21:28:56,true,1957753418,,4/13/2016 21:10:18,false,elite,1.0,30500478,BIH,01,Tesanj,185.26.178.116,No,PORK or CHICKEN CHOW FUN,,,,,,,,,,,,,,,,,,,,,$4.50,BEEF or SHRIMP CHOW FUN,,,$4.75,SUBGUM CHOW FUN,$5,,,,,,,,,,,,,,No,Pork or Chicken Chow Fun,$4.50,Beef or Shrimp Chow Fun,$4.75,Subgum Chow Fun,$5,,,,,,,http://i.imgur.com/J7FPFdn.jpg,,,,,,
932250420,4/13/2016 21:38:31,true,1957766008,,4/13/2016 21:19:15,false,clixsense,1.0,35905302,EGY,"","",45.244.202.141,No,PORK or CHICKEN CHOW FUN,,,,,,,,,,,,,,,,,,,,,$4.50,BEEF or SHRIMP CHOW FUN,,,$4.75,SUBGUM CHOW FUN,$5,,,,,,,,,,,,,,No,Pork or Chicken Chow Fun,$4.50,Beef or Shrimp Chow Fun,$4.75,Subgum Chow Fun,$5,,,,,,,http://i.imgur.com/J7FPFdn.jpg,,,,,,
