1968596684,https://dl.dropboxusercontent.com/u/17481094/1foodtruck_1.jpg,Small 16oz,$3.50,,,,,,,Medium 20oz,$4,Large 24oz,$4.50,,,,,,,,,,,,,https://dl.dropboxusercontent.com/u/17481094/1foodtruck_1.jpg
1968608633,https://dl.dropboxusercontent.com/u/17481094/1foodtruck_1.jpg,Small,$3.50,,,,,,,Medium,$4,Large,$4.50,,,,,,,,,,,,,https://dl.dropboxusercontent.com/u/17481094/1foodtruck_1.jpg
1968610350,https://dl.dropboxusercontent.com/u/17481094/1foodtruck_1.jpg,1,$1,1,$1,1,$1.00,1,$1.00,1,$1.00,1,$1,1,$100,10,$11,4,$12,2,$1.00,1,$0,1,$1.00,https://dl.dropboxusercontent.com/u/17481094/1foodtruck_1.jpg
1968594345,https://dl.dropboxusercontent.com/u/17481094/2foodtruck_1.jpg,Tofu,$4.50,,,,,,,Vegetable,$4.50,Chicken,$5,Beef,$5,Pork Chop,$5,Tuna,$6,Salmon,$6,Seafood,$6,,,https://dl.dropboxusercontent.com/u/17481094/2foodtruck_1.jpg
1968594887,https://dl.dropboxusercontent.com/u/17481094/2foodtruck_1.jpg,Tofu,$4.50,,,,,,,Chicken,$5,Beef,$5,Pork Chop,$5,Tuna,$6,Salmon,$6,Seafood,$6,,,,,https://dl.dropboxusercontent.com/u/17481094/2foodtruck_1.jpg
1968615656,https://dl.dropboxusercontent.com/u/17481094/2foodtruck_1.jpg,Tofu,$4.50,Tofu,$4.50,Vegetable,$4.50,Seafood,$6,Vegetable,$4.50,Chicken,$5,Beef,$5,Pork Chop,$5,Tuna,$6,Salmon,$6,Seafood,$6,Tuna,$6,https://dl.dropboxusercontent.com/u/17481094/2foodtruck_1.jpg
1968595236,https://dl.dropboxusercontent.com/u/17481094/3foodtruck_1.jpg,Gandesti,$500,Gandesti,$500,Gandesti,$500,Gandesti,$500,Gandesti,$500,Gandesti,$500,Gandesti,$500,Gandesti,$500,Gandesti,$500,Gandesti,$500,Gandesti,$500,gandesti,$500,https://dl.dropboxusercontent.com/u/17481094/3foodtruck_1.jpg
1968597226,https://dl.dropboxusercontent.com/u/17481094/3foodtruck_1.jpg,,,,,,,,,,,,,,,,,,,,,,,,,https://dl.dropboxusercontent.com/u/17481094/3foodtruck_1.jpg
1968597674,https://dl.dropboxusercontent.com/u/17481094/3foodtruck_1.jpg,Vegetable Chiken Soup,$1.25,Vegetable Chiken Soup,$1.25,Vegetable Chiken Soup,$1.25,Vegetable Chiken Soup,$1.25,Vegetable Chiken Soup,$1.25,Vegetable Chiken Soup,$1.25,Vegetable Chiken Soup,$1.25,Vegetable Chiken Soup,$1.25,Vegetable Chiken Soup,$1.25,Vegetable Chiken Soup,$1.25,Vegetable Chiken Soup,$1.25,Vegetable Chiken Soup,$1.25,https://dl.dropboxusercontent.com/u/17481094/3foodtruck_1.jpg
1968595243,https://dl.dropboxusercontent.com/u/17481094/4foodtruck_1.jpg,Gandesti,$500,Gandesti,$500,Gandesti,$500,Gandesti,$500,Gandesti,$500,Gandesti,$500,Gandesti,$500,Gandesti,$500,Gandesti,$500,Gandesti,$500,Gandesti,$500,gandesti,$500,https://dl.dropboxusercontent.com/u/17481094/4foodtruck_1.jpg
1968597227,https://dl.dropboxusercontent.com/u/17481094/4foodtruck_1.jpg,Wonton Soup,$1.70,,,,,,,Hot & Sour Soup,$1.90,Shrimp Roll,$1.25,Spring Roll,$1.25,Vegetable Fried Rice,$4.25,Pork Lo Mein,$4.25,Subgum Fried Rice,$5,,,,,https://dl.dropboxusercontent.com/u/17481094/4foodtruck_1.jpg
1968597670,https://dl.dropboxusercontent.com/u/17481094/4foodtruck_1.jpg,Wonton Soup,$1.70,Vegetable Chiken Soup,$4.25,Vegetable Chiken Soup,$4.25,Vegetable Chiken Soup,$4.25,Hot and Sour Soup,$1.90,Chiken Noodle or Rice Soup,$1.75,Vegetable Bean Curd Soup,$1.60,Vegetable Chiken Soup,$1,Shrimp Roll,$1.25,Spring Roll,$1.25,Vegetable Chiken Soup,$4.25,Vegetable Chiken Soup,$4.25,https://dl.dropboxusercontent.com/u/17481094/4foodtruck_1.jpg
1968596923,https://dl.dropboxusercontent.com/u/17481094/5foodtruck_1.jpg,Chicken Over Rice/Salad,$5,Special Combo Over Rice/Salad,$6,Chicken on Pita,$4,Lamb on PIta,$4,Lamb Over Rice/Salad,$5,Falafel Over Rice/Salad,$5,Mix Vegi Over Rice/Salad,$5,Chicken Kabab Over Rice/Salad,$5,Fish Over Rice/Salad,$6,Fish & Chicken Over Rice/Salad,$6,Chicken Falafel Combo,$5,Combo Over Rice/Salad,$5,https://dl.dropboxusercontent.com/u/17481094/5foodtruck_1.jpg
1968600993,https://dl.dropboxusercontent.com/u/17481094/5foodtruck_1.jpg,Chicken Over Rice/Salad,$5,Special Combo Over Rice/Salad,$6,Chicken on Pita,$4,Combo on Pita,$4,Lamb Over Rice/Salad,$5,Falafel Over Rice/Salad,$5,Mix Vegi Over Rice/Salad,$5,Chicken Kebab Over Rice/Salad,$5,Fish Over Rice/Salad,$6,Fish & Chicken Over Rice/Salad,$6,Chicken Falafel Combo,$5,Combo over Rice/Salad,$5,https://dl.dropboxusercontent.com/u/17481094/5foodtruck_1.jpg
1968602941,https://dl.dropboxusercontent.com/u/17481094/5foodtruck_1.jpg,Falafel on Pita,$4.00,,,,,,,Combo on Pita,$4.00,Lamb on Pita,$4.00,Chicken on Pita,$4.00,,,,,,,,,,,https://dl.dropboxusercontent.com/u/17481094/5foodtruck_1.jpg
1968596203,https://dl.dropboxusercontent.com/u/17481094/6foodtruck_1.jpg,Lunch Combo,$5,,,,,,,Grilled Fish Over Rice,$6,Grilled Chicken Over Rice,$5.10,,,,,,,,,,,,,https://dl.dropboxusercontent.com/u/17481094/6foodtruck_1.jpg
1968615379,https://dl.dropboxusercontent.com/u/17481094/6foodtruck_1.jpg,Grilled Chicken Over Rice,$5,,,,,,,Grilled Fish Over Rice,$6,,,,,,,,,,,,,,,https://dl.dropboxusercontent.com/u/17481094/6foodtruck_1.jpg
1968622539,https://dl.dropboxusercontent.com/u/17481094/6foodtruck_1.jpg,5,$5,5,$5.00,5,$5.00,5,$5.00,5,$5.00,5,$5.00,5,$5,5,$5.00,5,$5,5,$5.00,5,$5,5,$5,https://dl.dropboxusercontent.com/u/17481094/6foodtruck_1.jpg
1968594391,https://dl.dropboxusercontent.com/u/17481094/7foodtruck_1.jpg,Tiramisu Traditional,$1.50,,,,,,,Tiramisu Large,$2.25,Samoa Girl Scout Cookie,$3.50,Bluberry Tres Leches Cake,$4,Creme Brule,$4,,,,,,,,,https://dl.dropboxusercontent.com/u/17481094/7foodtruck_1.jpg
1968594472,https://dl.dropboxusercontent.com/u/17481094/7foodtruck_1.jpg,Milk and Honey,$1.50,,,,,,,Strawberry,$1.50,Chocolate,$1.50,Dulce De Leche,$1.50,Green Tea,$1.50,Tiramisu,$1.50,Cookie Dough,$1.50,Creme Brulee,$4,clueberry tres leches cake,$4,https://dl.dropboxusercontent.com/u/17481094/7foodtruck_1.jpg
1968630233,https://dl.dropboxusercontent.com/u/17481094/7foodtruck_1.jpg,Tiramisu,$1.50,,,,,,,Samoa Girl Scout Cook,$3.50,Blueberry Tres Leches Cake,$4,Creme Brulee,$4,,,,,,,,,,,https://dl.dropboxusercontent.com/u/17481094/7foodtruck_1.jpg
1968593385,https://dl.dropboxusercontent.com/u/17481094/8foodtruck_1.jpg,,,,,,,,,,,,,,,,,,,,,,,,,https://dl.dropboxusercontent.com/u/17481094/8foodtruck_1.jpg
1968609899,https://dl.dropboxusercontent.com/u/17481094/8foodtruck_1.jpg,,,,,,,,,,,,,,,,,,,,,,,,,https://dl.dropboxusercontent.com/u/17481094/8foodtruck_1.jpg
1968614856,https://dl.dropboxusercontent.com/u/17481094/8foodtruck_1.jpg,,,,,,,,,,,,,,,,,,,,,,,,,https://dl.dropboxusercontent.com/u/17481094/8foodtruck_1.jpg
1968604894,https://dl.dropboxusercontent.com/u/17481094/9foodtruck_1.jpg,,,,,,,,,,,,,,,,,,,,,,,,,https://dl.dropboxusercontent.com/u/17481094/9foodtruck_1.jpg
1968618226,https://dl.dropboxusercontent.com/u/17481094/9foodtruck_1.jpg,Chicken Salad,$5,,,,,,,Chicken on Pita,$4,Lamb Gyeo,$4,Lamb Salad,$5,,,,,,,,,,,https://dl.dropboxusercontent.com/u/17481094/9foodtruck_1.jpg
1968627306,https://dl.dropboxusercontent.com/u/17481094/9foodtruck_1.jpg,2,$2,2,$2.00,2,$2,2,$2.00,2,$2.00,2,$2,2,$2.00,2,$2,2,$2.00,2,$2.00,2,$2.00,2,$2,https://dl.dropboxusercontent.com/u/17481094/9foodtruck_1.jpg
1968597170,https://dl.dropboxusercontent.com/u/17481094/10foodtruck_1.jpg,,,,,,,,,,,,,,,,,,,,,,,,,https://dl.dropboxusercontent.com/u/17481094/10foodtruck_1.jpg
1968597596,https://dl.dropboxusercontent.com/u/17481094/10foodtruck_1.jpg,,,,,,,,,,,,,,,,,,,,,,,,,https://dl.dropboxusercontent.com/u/17481094/10foodtruck_1.jpg
1968616619,https://dl.dropboxusercontent.com/u/17481094/10foodtruck_1.jpg,,,,,,,,,,,,,,,,,,,,,,,,,https://dl.dropboxusercontent.com/u/17481094/10foodtruck_1.jpg
1968592967,https://dl.dropboxusercontent.com/u/17481094/11foodtruck_1.jpg,,,,,,,,,,,,,,,,,,,,,,,,,https://dl.dropboxusercontent.com/u/17481094/11foodtruck_1.jpg
1968596166,https://dl.dropboxusercontent.com/u/17481094/11foodtruck_1.jpg,Noodies Rice,$5.75,Vegetable,$4.50,Rice,$6.50,Roost Park,$4.50,Noodies,$4,Soud,$5,White Rice,$5.20,Rice,$4,Lo Mein Noodies,$4.10,Chicken,$5.50,Camaron,$5.30,Shrimp,$6.90,https://dl.dropboxusercontent.com/u/17481094/11foodtruck_1.jpg
1968598875,https://dl.dropboxusercontent.com/u/17481094/11foodtruck_1.jpg,Chicken Wings (4),$4,Plain Fried Rice SM,$1.50,Vegetable Fried Rice LG,$4,Plain Fried Rice LG,$3,Rice Noodle Soup,$1.75,Egg Roll,$1,Shrimp Roll,$1,Vegetable Roll,$1,Edamame,$3,Fried Breaded Tofu,$3.50,Steam Tofu,$3,Crab & Cheese Dumplings,$3.50,https://dl.dropboxusercontent.com/u/17481094/11foodtruck_1.jpg
1968592472,https://dl.dropboxusercontent.com/u/17481094/12foodtruck_1.jpg,Tofu Over Rice,$5,,,,,,,Thai Basil Chicken Quesadilla,$6,Thai Ice Tea,$2,Sodas,$1,,,,,,,,,,,https://dl.dropboxusercontent.com/u/17481094/12foodtruck_1.jpg
1968593350,https://dl.dropboxusercontent.com/u/17481094/12foodtruck_1.jpg,Tofu Over Rice,$5,,,,,,,Thail Basil Chicken Quesadilla,$6,Thai Ice Tea,$2,Sodas,$1,,,,,,,,,,,https://dl.dropboxusercontent.com/u/17481094/12foodtruck_1.jpg
1968605847,https://dl.dropboxusercontent.com/u/17481094/12foodtruck_1.jpg,,,,,,,,,,,,,,,,,,,,,,,,,https://dl.dropboxusercontent.com/u/17481094/12foodtruck_1.jpg
1968595606,https://dl.dropboxusercontent.com/u/17481094/13foodtruck_1.jpg,,,,,,,,,,,,,,,,,,,,,,,,,https://dl.dropboxusercontent.com/u/17481094/13foodtruck_1.jpg
1968596792,https://dl.dropboxusercontent.com/u/17481094/13foodtruck_1.jpg,,,,,,,,,,,,,,,,,,,,,,,,,https://dl.dropboxusercontent.com/u/17481094/13foodtruck_1.jpg
1968620156,https://dl.dropboxusercontent.com/u/17481094/13foodtruck_1.jpg,NOT PHOTO,$1,NOT PHOTO,$1,NOT PHOTO,$1,NOT PHOTO,$1,NOT PHOTO,$1,NOT PHOTO,$1,NOT PHOTO,$1,NOT PHOTO,$1,NOT PHOTO,$1,NOT PHOTO,$1,NOT PHOTO,$1,NOT PHOTO,$1,https://dl.dropboxusercontent.com/u/17481094/13foodtruck_1.jpg
1968595201,https://dl.dropboxusercontent.com/u/17481094/14foodtruck_1.jpg,None,$0,,,,,,,,,,,,,,,,,,,,,,,https://dl.dropboxusercontent.com/u/17481094/14foodtruck_1.jpg
1968598805,https://dl.dropboxusercontent.com/u/17481094/14foodtruck_1.jpg,,,,,,,,,,,,,,,,,,,,,,,,,https://dl.dropboxusercontent.com/u/17481094/14foodtruck_1.jpg
1968617734,https://dl.dropboxusercontent.com/u/17481094/14foodtruck_1.jpg,,,,,,,,,,,,,,,,,,,,,,,,,https://dl.dropboxusercontent.com/u/17481094/14foodtruck_1.jpg
1968593926,https://dl.dropboxusercontent.com/u/17481094/15foodtruck_1.jpg,,,,,,,,,,,,,,,,,,,,,,,,,https://dl.dropboxusercontent.com/u/17481094/15foodtruck_1.jpg
1968594031,https://dl.dropboxusercontent.com/u/17481094/15foodtruck_1.jpg,,,,,,,,,,,,,,,,,,,,,,,,,https://dl.dropboxusercontent.com/u/17481094/15foodtruck_1.jpg
1968595411,https://dl.dropboxusercontent.com/u/17481094/15foodtruck_1.jpg,,,,,,,,,,,,,,,,,,,,,,,,,https://dl.dropboxusercontent.com/u/17481094/15foodtruck_1.jpg
1968593280,https://dl.dropboxusercontent.com/u/17481094/16foodtruck_1.jpg,,,,,,,,,,,,,,,,,,,,,,,,,https://dl.dropboxusercontent.com/u/17481094/16foodtruck_1.jpg
1968594258,https://dl.dropboxusercontent.com/u/17481094/16foodtruck_1.jpg,Muffin,$1.25,,,,,,,Muffin Tast,$1.50,,,,,,,,,,,,,,,https://dl.dropboxusercontent.com/u/17481094/16foodtruck_1.jpg
1968600907,https://dl.dropboxusercontent.com/u/17481094/16foodtruck_1.jpg,Sausage Egg and Cheese,$2.30,,,,,,,Pork Roll Egg and Cheese,$2.30,Scrapple Egg and Cheese,$2,Egg Sandwich,$2,Egg & Cheese,$2,Muffin,$1.25,Muffin Toast,$1.50,,,,,https://dl.dropboxusercontent.com/u/17481094/16foodtruck_1.jpg
1968596199,https://dl.dropboxusercontent.com/u/17481094/17foodtruck_1.jpg,Bean,$2.50,VEGGIE,$5,Stradef Beaf,$4.50,Strimp,$5,Sweet Potato,$3.50,Roaster Peppers,$3.50,Spinach,$3.50,Eggplant,$3.50,PLANTAIN,$3.50,Tofu,$3.50,Plain Kachos,$3.50,RICE AN BEAN,$1.50,https://dl.dropboxusercontent.com/u/17481094/17foodtruck_1.jpg
1968615373,https://dl.dropboxusercontent.com/u/17481094/17foodtruck_1.jpg,,,,,,,,,,,,,,,,,,,,,,,,,https://dl.dropboxusercontent.com/u/17481094/17foodtruck_1.jpg
1968622540,https://dl.dropboxusercontent.com/u/17481094/17foodtruck_1.jpg,1,$2,1,$1.00,1,$1,1,$1.00,1,$1,1,$1,1,$1,1,$1,1,$1,1,$1,1,$1,1,$1.00,https://dl.dropboxusercontent.com/u/17481094/17foodtruck_1.jpg
1968600408,https://dl.dropboxusercontent.com/u/17481094/18foodtruck_1.jpg,Taco,$5,Sour Cream,$1,Extra Cheese,$1,Whole Meat,$0.26,Taco Salad,$5.50,Burritos,$6,Nachos Supreme,$5.50,Enchiladas,$7,Taco 2,$5,Quesadilla,$6,Chips and Guacamole,$3,fresh guacamole,$1,https://dl.dropboxusercontent.com/u/17481094/18foodtruck_1.jpg
1968601830,https://dl.dropboxusercontent.com/u/17481094/18foodtruck_1.jpg,Burritos,$6,Whole Meat,$0.26,Extra Cheese,$1,Extra Sour Cream,$1,Tacos,$4,Taco Salad,$5,Enchiladas,$6,Nachos Supreme,$5,Quesadilla,$5.50,Chips & Guacamole,$3,Grilled Plantains,$1,fresh guacomole,$1,https://dl.dropboxusercontent.com/u/17481094/18foodtruck_1.jpg
1968614321,https://dl.dropboxusercontent.com/u/17481094/18foodtruck_1.jpg,Burritos,$6,,,,,,,Enchiladas,$7,Tacos,$5,Nachos Supreme,$5.50,Taco Salad,$5.50,Quesadilla,$6,,,,,,,https://dl.dropboxusercontent.com/u/17481094/18foodtruck_1.jpg
1968600212,https://dl.dropboxusercontent.com/u/17481094/19foodtruck_1.jpg,CHICKEN RICE,$5,FALAFEL,$4,COMBO SANDWICH,$4,GYRO SALAD,$5,GYRO RICE,$5,VEGGIE RICE,$5,COMBO RICE,$6,FALAFEL RICE,$5,CHICKEN SALAD,$5,CHICKEN GYRO,$4,GYRO,$4,COMBO SALAD,$5,https://dl.dropboxusercontent.com/u/17481094/19foodtruck_1.jpg
1968600722,https://dl.dropboxusercontent.com/u/17481094/19foodtruck_1.jpg,Chicken Rice,$5,Chicken Salad,$5,Combo Salad,$5,Gyro Salad,$5,Combo Rice,$6,Chicken Gyro,$4,Falafel,$4,Gyro Rice,$5,Falafel Rice,$5,Gyro,$4,Combo Sandwich,$4,veggie rice,$5,https://dl.dropboxusercontent.com/u/17481094/19foodtruck_1.jpg
1968606292,https://dl.dropboxusercontent.com/u/17481094/19foodtruck_1.jpg,CHICKEN RICE,$5,COMBO SANDWICH,$4,COMBO SALAD,$5,GYRO SALAD,$5,COMBO RICE,$6,GYRO RICE,$5,FALAFEL RICE,$5,VEGGIE RICE,$5,CHICKEN SALAD,$5,CHICKEN GYRO,$4,FALAFEL,$4,GYRO,$4,https://dl.dropboxusercontent.com/u/17481094/19foodtruck_1.jpg
1968594390,https://dl.dropboxusercontent.com/u/17481094/20foodtruck_1.jpg,,,,,,,,,,,,,,,,,,,,,,,,,https://dl.dropboxusercontent.com/u/17481094/20foodtruck_1.jpg
1968594471,https://dl.dropboxusercontent.com/u/17481094/20foodtruck_1.jpg,,,,,,,,,,,,,,,,,,,,,,,,,https://dl.dropboxusercontent.com/u/17481094/20foodtruck_1.jpg
1968630232,https://dl.dropboxusercontent.com/u/17481094/20foodtruck_1.jpg,,,,,,,,,,,,,,,,,,,,,,,,,https://dl.dropboxusercontent.com/u/17481094/20foodtruck_1.jpg
1968597168,https://dl.dropboxusercontent.com/u/17481094/21foodtruck_1.jpg,Chiken Kebab Over Rice,$5.00,,,,,,,Giro Over Rice,$5.00,Kofte Over Rice,$7.00,,,,,,,,,,,,,https://dl.dropboxusercontent.com/u/17481094/21foodtruck_1.jpg
1968597595,https://dl.dropboxusercontent.com/u/17481094/21foodtruck_1.jpg,Chicken Kebab Over Rice,$5,,,,,,,Gyro Over Rice,$5,Kofte Over Rice,$7,,,,,,,,,,,,,https://dl.dropboxusercontent.com/u/17481094/21foodtruck_1.jpg
1968616622,https://dl.dropboxusercontent.com/u/17481094/21foodtruck_1.jpg,Chicken Kebab Over Rice,$5,,,,,,,Gyro Over Rice,$5,Kofte Over Rice,$7,,,,,,,,,,,,,https://dl.dropboxusercontent.com/u/17481094/21foodtruck_1.jpg
1968596315,https://dl.dropboxusercontent.com/u/17481094/22foodtruck_1.jpg,Chicken Over Rice,$5,,,,,,,Lamb Over Rice,$5,Falafel Over Rice,$5,Chickes Kebab,$5,Chicken Falafel,$6,,,,,,,,,https://dl.dropboxusercontent.com/u/17481094/22foodtruck_1.jpg
1968598783,https://dl.dropboxusercontent.com/u/17481094/22foodtruck_1.jpg,Chicken Over Rice,$5,,,,,,,Combo Over Rice,$6,Chicken Falafel Combo,$6,,,,,,,,,,,,,https://dl.dropboxusercontent.com/u/17481094/22foodtruck_1.jpg
1968631915,https://dl.dropboxusercontent.com/u/17481094/22foodtruck_1.jpg,2,$1.00,1,$1,1,$1.00,1,$1.00,1,$1,1,$1.00,1,$1,1,$1.00,1,$1,1,$1.00,1,$1,1,$1.00,https://dl.dropboxusercontent.com/u/17481094/22foodtruck_1.jpg
1968594053,https://dl.dropboxusercontent.com/u/17481094/23foodtruck_1.jpg,Sdfsdf,"$1,000",Fsdfsff,"$1,000",Dfsfsdf,"$1,000",Sdfsfsf,"$1,000",Fsdafsd,"$1,000",Fsafsdf,"$1,000",Sdfsdf,"$1,000",Dfdf,"$1,000",Dfsdfsdf,"$1,000",Dsfdfsf,"$1,000",Sdfsfsf,"$1,000",dfswfdf,"$1,000",https://dl.dropboxusercontent.com/u/17481094/23foodtruck_1.jpg
1968595868,https://dl.dropboxusercontent.com/u/17481094/23foodtruck_1.jpg,Chciken Wings,$0,Brwon Stew Turkey,$0,4 Vegetables Side Combo,$3,Mixed Combo,$0,Chciken Leg,$0,Chciken Breast,$0,Curry Chciken,$0,Jerk Chciken,$0,Brown Stew Chciken,$0,Fish,$0,Fish and Fries,$0,oxtail,$0,https://dl.dropboxusercontent.com/u/17481094/23foodtruck_1.jpg
1968610818,https://dl.dropboxusercontent.com/u/17481094/23foodtruck_1.jpg,Vegetable Sides Combo,$3,,,,,,,,,,,,,,,,,,,,,,,https://dl.dropboxusercontent.com/u/17481094/23foodtruck_1.jpg
1968592663,https://dl.dropboxusercontent.com/u/17481094/24foodtruck_1.jpg,Eggs,$3,,,,,,,Eggs & Cheese,$3.25,Hamburger,$2.75,Tuna Fish,$4.75,B.L.T,$6,Pork Roll,$4,,,,,,,https://dl.dropboxusercontent.com/u/17481094/24foodtruck_1.jpg
1968597534,https://dl.dropboxusercontent.com/u/17481094/24foodtruck_1.jpg,EGGS,$3,PORKROLL & EGGS,$4.50,PORK ROLL,$4,PORK ROLL & CHEESE,$4.50,EGGS & CHEESE,$3.25,HAM & EGGS,$3.75,PORK BACON & EGGS,$3.75,SAUSAGE & EGGS,$3.75,SAUSAGE & ROLL,$3.75,SAUSAGE & CHEESE,$4.50,TURKEY BACON & EGGS,$4.50,SCRAPPLE & EGGS,$4.50,https://dl.dropboxusercontent.com/u/17481094/24foodtruck_1.jpg
1968615430,https://dl.dropboxusercontent.com/u/17481094/24foodtruck_1.jpg,Eggs,$3,Porkroll & Eggs,$4.50,Pork & Roll,$4,Pork Roll & Cheese,$4.50,Eggs & Cheese,$3.25,Ham & Eggs,$3.75,Por Bacom & Eggs,$3.75,Sausace & Eggs,$3.75,Sausace & Roll,$3.75,Sausace & Cheese,$4.50,Turkey Bacon & Eggs,$4.50,scrapple & eggs,$4.50,https://dl.dropboxusercontent.com/u/17481094/24foodtruck_1.jpg
1968596039,https://dl.dropboxusercontent.com/u/17481094/25foodtruck_1.jpg,None,$0,,,,,,,,,,,,,,,,,,,,,,,https://dl.dropboxusercontent.com/u/17481094/25foodtruck_1.jpg
1968596071,https://dl.dropboxusercontent.com/u/17481094/25foodtruck_1.jpg,,,,,,,,,,,,,,,,,,,,,,,,,https://dl.dropboxusercontent.com/u/17481094/25foodtruck_1.jpg
1968598172,https://dl.dropboxusercontent.com/u/17481094/25foodtruck_1.jpg,Broken,$0,,,,,,,,,,,,,,,,,,,,,,,https://dl.dropboxusercontent.com/u/17481094/25foodtruck_1.jpg
1968596924,https://dl.dropboxusercontent.com/u/17481094/26foodtruck_1.jpg,Hanan Falafel,$4,,,,,,,Hanan Hoummos,$3.50,Baba Ghanoush,$4,Hanan Hoummos Baba Ghanoush,$4.50,Stuffed Grape Leaves,$4.50,Stuffed Grape Leaves and Feta Cheese,$4.75,Hanan Falafel With Hoummos,$4.50,,,,,https://dl.dropboxusercontent.com/u/17481094/26foodtruck_1.jpg
1968600988,https://dl.dropboxusercontent.com/u/17481094/26foodtruck_1.jpg,HANAN FALAFEL,$4,,,,,,,HANAN HOUMMOS,$3.50,BABA GHANOUSH,$4,HANAN HOUMMOS BABA GHANOUSH,$4.50,STUFFED GRAPE LEAVES,$4.50,STUFFED GRAPE LEAVES and FETA CHEESE,$4.75,HANAN FALAFEL WITH HOUMMOS,$4.50,,,,,https://dl.dropboxusercontent.com/u/17481094/26foodtruck_1.jpg
1968602944,https://dl.dropboxusercontent.com/u/17481094/26foodtruck_1.jpg,Hanan Falafel,$4,,,,,,,Hanan Hoummos,$3.50,Baba Ghanoush,$4,Stuffed Grape Leaves,$4.50,Stuffed Grape Leaves and Feta Cheese,$4.75,,,,,,,,,https://dl.dropboxusercontent.com/u/17481094/26foodtruck_1.jpg
1968598596,https://dl.dropboxusercontent.com/u/17481094/27foodtruck_1.jpg,Torta Cubana,$9,Torta Cubana,$9,Torta Cubana,$9,Torta Cubana,$9,Torta Cubana,$9,Torta Cubana,$9,Torta Cubana,$9,Torta Cubana,$9,Torta Cubana,$9,Torta Cubana,$9,Torta Cubana,$9,torta cubana,$9,https://dl.dropboxusercontent.com/u/17481094/27foodtruck_1.jpg
1968605135,https://dl.dropboxusercontent.com/u/17481094/27foodtruck_1.jpg,"Choice of Meat. Pollo (Chicken), Pastor (Marinated Pork), Carnitas (Seasoned Pork)",$7,,,,,,,"BURRITO Stuffed With Mexican Rice, Beans, Avocado, Onion, Cilantro, Lettuce, Tomatoes, Cheese and Sour Cream",$7,Tacos Served With Onions and Cilantro,$2.50,"Torta (Mexican Sandwich) Served With Beans, Tomatoes, Onions, Cheese, Lettuce, Jalapeno Pickles, Avocado and Mayo",$7,"Torta Cubana Served With Beans, Tomatoes, Onions, Cheese, Lettuce, Jalapeno Pickles, Avocado, Mayo, Chorizo, Egg, Ham and Chicken Milanesa",$9,"Tostada a Crispy Corn Tortilla Topped With Beans, Lettuce, Tomatoes, Onions, Cilantro, Sour Cream and Cotija Cheese",$3,"Quesadilla Stuffed With Beans, Cheese, Lettuce, Tomatoes, Onions, Cilantro and Sour Cream",$7,,,,,https://dl.dropboxusercontent.com/u/17481094/27foodtruck_1.jpg
1968624676,https://dl.dropboxusercontent.com/u/17481094/27foodtruck_1.jpg,Torta,$7,,,,,,,,,,,,,,,,,,,,,,,https://dl.dropboxusercontent.com/u/17481094/27foodtruck_1.jpg
1968595283,https://dl.dropboxusercontent.com/u/17481094/28foodtruck_1.jpg,,,,,,,,,,,,,,,,,,,,,,,,,https://dl.dropboxusercontent.com/u/17481094/28foodtruck_1.jpg
1968595897,https://dl.dropboxusercontent.com/u/17481094/28foodtruck_1.jpg,Rturt,$333,333,$333,333,$333,333,$333,333,$333,333,$333,333,$333,333,$333,333,$333,333,$333,333,$333,333,$333,https://dl.dropboxusercontent.com/u/17481094/28foodtruck_1.jpg
1968598517,https://dl.dropboxusercontent.com/u/17481094/28foodtruck_1.jpg,Fried Wonton,$1.25,,,,,,,Shrimp Egg Roll,$1.25,Pork Dumplings,$0,Steamed,$3,Pan Fried,$3.50,,,,,,,,,https://dl.dropboxusercontent.com/u/17481094/28foodtruck_1.jpg
1968596685,https://dl.dropboxusercontent.com/u/17481094/29foodtruck_1.jpg,Chicken,$5,,,,,,,Chicken Verde,$5,Beef Barbacoa,$5.75,Pork Carnitas,$5,Pork Verde,$5,,,,,,,,,https://dl.dropboxusercontent.com/u/17481094/29foodtruck_1.jpg
1968608631,https://dl.dropboxusercontent.com/u/17481094/29foodtruck_1.jpg,Chicken,$5,,,,,,,Chicken Verde,$5,Beef Barbacoa,$5.75,Pork Carnitas,$5,Pork Verde,$5,,,,,,,,,https://dl.dropboxusercontent.com/u/17481094/29foodtruck_1.jpg
1968610351,https://dl.dropboxusercontent.com/u/17481094/29foodtruck_1.jpg,5,$5,5,$5.00,5,$5,5,$5.00,5.0.,$5.00,5,$5,5,$5.00,5,$5,5,$5.00,5,$5,5,$5.00,5,$5,https://dl.dropboxusercontent.com/u/17481094/29foodtruck_1.jpg
1968593016,https://dl.dropboxusercontent.com/u/17481094/1foodtruck_2.jpg,Small,$3.50,,,,,,,Medium,$4,Large,$4.50,,,,,,,,,,,,,https://dl.dropboxusercontent.com/u/17481094/1foodtruck_2.jpg
1968593196,https://dl.dropboxusercontent.com/u/17481094/1foodtruck_2.jpg,Sfsdf,"$1,000",Sdfsf,"$1,000",Sdfsfd,"$1,000",Sdfsdfs,"$1,000",Sdf,"$1,000",Asdasd,"$1,000",Sds,"$1,000",Fsdfsdf,"$1,000",Sdfsdfdf,"$1,000",Dsfsdfsdf,"$1,000",Fasfsdfs,"$1,000",dfd,"$1,000",https://dl.dropboxusercontent.com/u/17481094/1foodtruck_2.jpg
1968594205,https://dl.dropboxusercontent.com/u/17481094/1foodtruck_2.jpg,strawberry&banana,$2,,,,,,,kiwi&mango,$2,Kiwi@strawberry,$2,,,,,,,,,,,,,https://dl.dropboxusercontent.com/u/17481094/1foodtruck_2.jpg
1968594651,https://dl.dropboxusercontent.com/u/17481094/2foodtruck_2.jpg,Window,$100,Click,$200,Click,$200,Click,$200,Window,$100,Click,$200,Click,$200,Click,$200,Click,$200,Click,$200,Click,$200,click,$200,https://dl.dropboxusercontent.com/u/17481094/2foodtruck_2.jpg
1968594656,https://dl.dropboxusercontent.com/u/17481094/2foodtruck_2.jpg,Beef,$6,,,,,,,Chicken,$6,Vegetable,$5,Tofu,$5,Salad,$1.50,Goyza,$3,Combination,$7,,,,,https://dl.dropboxusercontent.com/u/17481094/2foodtruck_2.jpg
1968596723,https://dl.dropboxusercontent.com/u/17481094/2foodtruck_2.jpg,Beef,$6,Goyza,$3,Shumai,$3,Pork,$5,Chicken,$6,Meatballs,$6,Combination,$7,Vegetable,$5,Tofu,$5,Beef,$5,Salad,$1.50,avocado salad,$2,https://dl.dropboxusercontent.com/u/17481094/2foodtruck_2.jpg
1968595111,https://dl.dropboxusercontent.com/u/17481094/3foodtruck_2.jpg,Egg Roll,$2.15,,,,,,,Egg and Cheese,$2.25,Egg Whites and Cheese,$2.75,Bacon Egg and Cheese,$2.95,Sausage and Egg,$2.90,Pork Roll Egg and Chese,$2.95,Pork Roll and Cheese,$2.95,Ham Egg and Cheese,$2.95,,,https://dl.dropboxusercontent.com/u/17481094/3foodtruck_2.jpg
1968602863,https://dl.dropboxusercontent.com/u/17481094/3foodtruck_2.jpg,EGG on ROLL,$2.50,PORK POLL and CHEESE,$3.50,HAM and EGG WHITE CHEESE,$3.95,HAM EGG and CHEESE,$3.50,EGG and CHEESE,$2.75,EGG WHITES and CHEESE,$3.25,BACON and EGG WHITE CHEESE,$3.95,BACON EGG and CHEESE,$3.50,SAUSAGE and EGG,$3.25,SAUSAGE EGG and CHEESE,$3.50,SCRAPPLE EGG and CHEESE,$3.75,PORK ROLL EGG AND CHEESE,$3.50,https://dl.dropboxusercontent.com/u/17481094/3foodtruck_2.jpg
1968618007,https://dl.dropboxusercontent.com/u/17481094/3foodtruck_2.jpg,Egg on Roll,$2.15,Pork Roll and Cheese,$2.95,Ham and Egg White Cheese,$3.50,Ham Egg and Cheese,$2.95,Egg and Cheese,$2.25,Egg Whites and Cheese,$2.75,Bacon and Egg White Cheese,$3.50,Bacon Wgg and Cheese,$2.95,Sausage and Egg,$2.90,Sausage Egg and Cheese,$2.95,Scrapple Egg and Cheese,$3.95,pork roll egg and cheese,$2.95,https://dl.dropboxusercontent.com/u/17481094/3foodtruck_2.jpg
1968596751,https://dl.dropboxusercontent.com/u/17481094/4foodtruck_2.jpg,Ground Beef,$0,,,,,,,Ground Beef,$0,Ground Beef,$0,Ground Beef,$0,Ground Beef,$0,Ground Beef,$0,Ground Beef,$0,Ground Beef,$0,Ground beef,$0,https://dl.dropboxusercontent.com/u/17481094/4foodtruck_2.jpg
1968598369,https://dl.dropboxusercontent.com/u/17481094/4foodtruck_2.jpg,Wonton Soup,$1.20,Beef Fried Rice,$4.50,Shrimp Fried Rice,$4.50,Subgum Fried Rice,$5,Hot and Sour Soup,$1.50,Chicken Noodles or Ricesoup,$1.75,Vegetable Bean Curd Soup,$1.50,Shrimp Roll,$1.25,Spring Roll,$1.25,Vegetable Fried Rice,$4.25,Chicken Fried Rice,$4.25,pork Fried Rice,$4.25,https://dl.dropboxusercontent.com/u/17481094/4foodtruck_2.jpg
1968630034,https://dl.dropboxusercontent.com/u/17481094/4foodtruck_2.jpg,2,$2,1,$1.00,1,$1,1,$1.00,2,$2.00,2,$2,2,$1.00,1,$1,1,$1.00,1,$2,1,$1.00,1,$1,https://dl.dropboxusercontent.com/u/17481094/4foodtruck_2.jpg
1968593083,https://dl.dropboxusercontent.com/u/17481094/5foodtruck_2.jpg,,,,,,,,,,,,,,,,,,,,,,,,,https://dl.dropboxusercontent.com/u/17481094/5foodtruck_2.jpg
1968596509,https://dl.dropboxusercontent.com/u/17481094/5foodtruck_2.jpg,Chicken Over Rice,$0,Falafel on Pita,$0,Fish on Pita,$0,Chicken Kebab on Pita,$0,Lamb Over Rice,$0,Combo Over Rice,$0,Falafel on Rice,$0,Mix Vegi on Rice,$0,Chicken Kebab Over Rice,$0,Special Combo Over Rice,$0,Chicken on Pita,$0,lamb on pita,$0,https://dl.dropboxusercontent.com/u/17481094/5foodtruck_2.jpg
1968606574,https://dl.dropboxusercontent.com/u/17481094/5foodtruck_2.jpg,1,$1,24,$1,2.1,$1.00,1,$1.00,1,$1,1,$1,1,$1,1,$1,1,$1,1,$1,1,$12,1,$13,https://dl.dropboxusercontent.com/u/17481094/5foodtruck_2.jpg
1968598592,https://dl.dropboxusercontent.com/u/17481094/6foodtruck_2.jpg,Beef,$0,Beef,$0,Beef,$0,Beef,$0,Beef,$0,Beef,$0,Beef,$0,Beef,$0,Beef,$0,Beef,$0,Beef,$0,beef,$0,https://dl.dropboxusercontent.com/u/17481094/6foodtruck_2.jpg
1968605134,https://dl.dropboxusercontent.com/u/17481094/6foodtruck_2.jpg,Grilled Fish Over Rice,$7,,,,,,,Grilled Chiken Over Rice,$7,Grilled Beef Over Rice,$7,Grilled Beef & Kielbasa Over Rice,$7,Grilled BBQ Chiken Sandwich,$7,Calabacitas Over Rice / Vegetarian,$7,Grilled Chiken Tostadas,$7,Grilled Chiken Salad,$7,,,https://dl.dropboxusercontent.com/u/17481094/6foodtruck_2.jpg
1968624675,https://dl.dropboxusercontent.com/u/17481094/6foodtruck_2.jpg,Grilled Fish,$0,,,,,,,,,,,,,,,,,,,,,,,https://dl.dropboxusercontent.com/u/17481094/6foodtruck_2.jpg
1968593013,https://dl.dropboxusercontent.com/u/17481094/7foodtruck_2.jpg,,,,,,,,,,,,,,,,,,,,,,,,,https://dl.dropboxusercontent.com/u/17481094/7foodtruck_2.jpg
1968593203,https://dl.dropboxusercontent.com/u/17481094/7foodtruck_2.jpg,Dfdfdf,"$1,000",Fsdfsdf,"$1,000",Dfsdfsdf,"$1,000",Dfsf,"$1,000",Dfsdf,"$1,000",Fsdfsdfsdf,"$1,000",Fsdfsdf,"$1,000",Sdfsdfs,"$1,000",Asdadds,"$1,000",Sdfsdfsd,"$1,000",Dsfsdfsdf,"$1,000",fdsfsfs,"$1,000",https://dl.dropboxusercontent.com/u/17481094/7foodtruck_2.jpg
1968594206,https://dl.dropboxusercontent.com/u/17481094/7foodtruck_2.jpg,Hamburger,$3,,,,,,,Djus,$2,,,,,,,,,,,,,,,https://dl.dropboxusercontent.com/u/17481094/7foodtruck_2.jpg
1968593281,https://dl.dropboxusercontent.com/u/17481094/8foodtruck_2.jpg,,,,,,,,,,,,,,,,,,,,,,,,,https://dl.dropboxusercontent.com/u/17481094/8foodtruck_2.jpg
1968594259,https://dl.dropboxusercontent.com/u/17481094/8foodtruck_2.jpg,,,,,,,,,,,,,,,,,,,,,,,,,https://dl.dropboxusercontent.com/u/17481094/8foodtruck_2.jpg
1968600904,https://dl.dropboxusercontent.com/u/17481094/8foodtruck_2.jpg,Felafel Sandwich,$0,,,,,,,Chicken Kebab,$0,Cheeseburger,$0,Chicken Salad,$0,,,,,,,,,,,https://dl.dropboxusercontent.com/u/17481094/8foodtruck_2.jpg
1968595050,https://dl.dropboxusercontent.com/u/17481094/10foodtruck_2.jpg,Sse,"$1,223",333,$333,333,$333,333,$333,3333,"$3,333",3333,$333,333,"$3,333",333,$333,333,$333,333,"$3,333",333,$333,333,$333,https://dl.dropboxusercontent.com/u/17481094/10foodtruck_2.jpg
1968596346,https://dl.dropboxusercontent.com/u/17481094/10foodtruck_2.jpg,Chicken,$4,Chicken,$4,Chicken,$4,Chicken,$4,Chicken,$4,Chicken,$4,Chicken,$4,Chicken,$4,Chicken,$4,Chicken,$4,Chicken,$4,chicken,$4,https://dl.dropboxusercontent.com/u/17481094/10foodtruck_2.jpg
1968596791,https://dl.dropboxusercontent.com/u/17481094/10foodtruck_2.jpg,BROCCOLI,$4.50,,,,,,,ORANGE FLAVOR,$4.50,SNOW PEAS,$4.50,KUNG PAO,$4.75,TAI CHING,$4.50,,,,,,,,,https://dl.dropboxusercontent.com/u/17481094/10foodtruck_2.jpg
1968596821,https://dl.dropboxusercontent.com/u/17481094/11foodtruck_2.jpg,Chicken W. Vegetables,$4.50,Cashew Nut Chicken,$4.50,,,,,General Tsoå«S Chicken,$4.50,Grandfather Chicken,$4.50,Sweet & Sour Chicken,$4.50,Sesame Chicken,$4.50,Almond Chicken,$4.50,Chinese Veg. Chicken,$4.50,Tofu Vegetable Chicken,$4.50,Brocoli Chicken,$4.50,https://dl.dropboxusercontent.com/u/17481094/11foodtruck_2.jpg
1968598402,https://dl.dropboxusercontent.com/u/17481094/11foodtruck_2.jpg,Chicken W. Vegetables,$450,Cashew Nut Chicken,$450,,,,,Grandfather Chicken,$450,General Tso's Chicken,$450,Sweet & Sour Chicken,$450,Sesame Chicken,$450,Almond Chicken,$450,Chinese Veg. Chicken,$450,Tofu Vegetable Chicken,$450,broccoli chicken,$450,https://dl.dropboxusercontent.com/u/17481094/11foodtruck_2.jpg
1968611744,https://dl.dropboxusercontent.com/u/17481094/11foodtruck_2.jpg,Chicken Vegetables,$4.50,,,,,,,,,,,,,,,,,,,,,,,https://dl.dropboxusercontent.com/u/17481094/11foodtruck_2.jpg
1968600205,https://dl.dropboxusercontent.com/u/17481094/12foodtruck_2.jpg,Korean BBQ Beef Short Rib Tacos,3,,,,,,,Thai Basil Chicken Tacos,3,Edamame Tacos,3,Korean BBQ Beef Short Rib and Kimchi Burrito,5,Grilled BBQ Lemongrass Pork Bahn Mi Sandwich,5,Steamed Pork Buns,3,Curry Of The Week over Rice,6,BBQ Lemongrass Pork over Rice,6,Thai Basil Chicken over Rice,6,https://dl.dropboxusercontent.com/u/17481094/12foodtruck_2.jpg
1968624672,https://dl.dropboxusercontent.com/u/17481094/12foodtruck_2.jpg,KOREAN BBQ RIBSSHORT RIB TACOS,$3,,,,,,,THAI BASIL CHICKEN TACOS,$3,EDAMAME TACOS,$3,KOREAN BBQ RIBS BEEF SHORT RIB and KIMCHI BURRITO,$5,GRILLED BBQ LEMONGRASS PORK BAHN MI SANDWICH,$5,STEAMED PORK BUNS,$3,CURRY of the WEEK OVER RICE,$6,BBQ LEMONGRASS PORK OVERRICE,$6,THAI BASIL CHOCKEN OVER RICE,$6,https://dl.dropboxusercontent.com/u/17481094/12foodtruck_2.jpg
1968634189,https://dl.dropboxusercontent.com/u/17481094/12foodtruck_2.jpg,Tacos,$3,,,,,,,Sandwich,$5,Rice,$6,,,,,,,,,,,,,https://dl.dropboxusercontent.com/u/17481094/12foodtruck_2.jpg
1968596361,https://dl.dropboxusercontent.com/u/17481094/13foodtruck_2.jpg,DERVISH DELIGHT,$8,,,,,,,MCNINJA,$8,SMURF'N TURF,$8,CALICO KID,$8,CALICO KATY,$8,MCMANCHU,$8,WABI HARA,$8,TROJAN,$8,,,https://dl.dropboxusercontent.com/u/17481094/13foodtruck_2.jpg
1968602455,https://dl.dropboxusercontent.com/u/17481094/13foodtruck_2.jpg,Dervish Delight,$8,,,,,,,McNinja,$8,Smurf 'N Turf,$8,Calico Kid,$8,Calico Katy,$8,McManchu,$8,Wabi Hara,$8,Trojan,$8,,,https://dl.dropboxusercontent.com/u/17481094/13foodtruck_2.jpg
1968605301,https://dl.dropboxusercontent.com/u/17481094/13foodtruck_2.jpg,Dervish Delight,$8,Cheese,$8,Baked Tofu,$8,Greek Salad,$8,McNinja,$8,Smurf N Turf,$8,Calico Kid,$8,Calico Katy,$8,McManchu,$8,Wabi Hara,$8,Trojan,$8,Rice and veggies,$8,https://dl.dropboxusercontent.com/u/17481094/13foodtruck_2.jpg
1968604895,https://dl.dropboxusercontent.com/u/17481094/14foodtruck_2.jpg,Egg White & Cheese,$2.50,,,,,,,Egg & Cheese,$2.25,Spinach,$3,,,,,,,,,,,,,https://dl.dropboxusercontent.com/u/17481094/14foodtruck_2.jpg
1968618240,https://dl.dropboxusercontent.com/u/17481094/14foodtruck_2.jpg,Egg White & Cheese,$2.50,,,,,,,Egg & Cheese,$2.25,Egg & Cheese W/ Vegetable,$3,Spinach,$3,Egg & Cheese W/ (Choose One,$3.50,,,,,,,,,https://dl.dropboxusercontent.com/u/17481094/14foodtruck_2.jpg
1968627303,https://dl.dropboxusercontent.com/u/17481094/14foodtruck_2.jpg,3,$2,1,$1,1,$1.00,1,$1.00,30,$2,2,$2.00,2,$1.00,12,$21,5.4,$5.00,5.2,$2,1,$52,2,$1.00,https://dl.dropboxusercontent.com/u/17481094/14foodtruck_2.jpg
1968592689,https://dl.dropboxusercontent.com/u/17481094/15foodtruck_2.jpg,HOT DOG,$1.25,,,,,,,HOT SAUSAGE,$2.50,MILD SAUSAGE,$2.50,MEAT BALL,$3,KIELBASA,$3,ITALIAN SAUSAGE,$3,HOT DOG WITH CHEESE,$1.50,HOT DOG WITH CHILI,$1.50,,,https://dl.dropboxusercontent.com/u/17481094/15foodtruck_2.jpg
1968593415,https://dl.dropboxusercontent.com/u/17481094/15foodtruck_2.jpg,HOT DOG,$1.25,,,,,,,HOT SAUSAGE,$2.50,MILD SAUSAGE,$2.50,MEAT BALL,$3,KIELBASA,$3,ITALIAN SAUSAGE,$3,HOT DOG WITH CHEESE,$1.50,HOT DOG WITH CHILI,$1.50,,,https://dl.dropboxusercontent.com/u/17481094/15foodtruck_2.jpg
1968594642,https://dl.dropboxusercontent.com/u/17481094/15foodtruck_2.jpg,HOT DOG,$1.25,,,,,,,HOT SAUSAGE,$2.50,MILD SAUSAGE,$2.50,MEAT BALL,$3,KIELBASA,$3,ITALIAN SAUSAGE,$3,HOT DOG WITH CHEESE,$1.50,HOT DOG WITH CHILI,$1.50,,,https://dl.dropboxusercontent.com/u/17481094/15foodtruck_2.jpg
1968596585,https://dl.dropboxusercontent.com/u/17481094/16foodtruck_2.jpg,Dfd,$333,$333,$333,$333,$333,$333,$333,$333,$333,$333,$333,$333,$333,$333,$333,$333,$333,$333,$333,$333,$333,$333,$333,https://dl.dropboxusercontent.com/u/17481094/16foodtruck_2.jpg
1968600124,https://dl.dropboxusercontent.com/u/17481094/16foodtruck_2.jpg,Hot Dog,$1.25,Plain Checken Steak,$4.50,,,,,With Chili or Cheese,$1.50,Hot or Mild Sausage,$2.50,With Chili or Cheese,$3,Kielbasa,$3,Italian Sausage,$3,Meatball,$3,Plain Steak,$4.50,Cheese Steak,$5,https://dl.dropboxusercontent.com/u/17481094/16foodtruck_2.jpg
1968610188,https://dl.dropboxusercontent.com/u/17481094/16foodtruck_2.jpg,Hot Dog,$1.25,Plain Chicken Steak,$4.50,,,,,With Chili or Cheese,$1.50,Hot or Mild Sausage,$2.50,With Chili or Cheese,$3,Kielbasa,$3,Italian Sausage,$3,Meatball,$3,Plain Steak,$4.50,cheese steak,$5,https://dl.dropboxusercontent.com/u/17481094/16foodtruck_2.jpg
1968593969,https://dl.dropboxusercontent.com/u/17481094/17foodtruck_2.jpg,BEAN,$2.50,SHRIMP,$5,,,,,SWEET POTATO,$3.50,ROASTED PEPPERS,$3.50,SPINACH,$3.50,EGGPLANT,$3.50,PLANTAIN,$3.50,TOFU,$3.50,SHEREDDED ROAD BEEF,$4,SHEREDDED CHICKEN BREAST,$4,https://dl.dropboxusercontent.com/u/17481094/17foodtruck_2.jpg
1968602510,https://dl.dropboxusercontent.com/u/17481094/17foodtruck_2.jpg,Bean,$2.50,Chrimp,$5,,,,,Sweet Potato,$3.50,Roasted Pappers,$3.50,Spinach,$3.50,Eggplant,$3.50,Plantlan,$3.50,Tofu,$3.50,Shredded Roast Beef,$4,Shredded chichen breast,$4,https://dl.dropboxusercontent.com/u/17481094/17foodtruck_2.jpg
1968610142,https://dl.dropboxusercontent.com/u/17481094/17foodtruck_2.jpg,Bean,$2.50,Shrimp,$5,,,,,Sweet Potato,$3.50,Roasted Peppers,$3.50,Spinach,$3.50,Eggplant,$3.50,Plantain,$3.50,Tofu,$3.50,Shredded Roast Beef,$4,Shredded Chicken Breast,$4,https://dl.dropboxusercontent.com/u/17481094/17foodtruck_2.jpg
1968596316,https://dl.dropboxusercontent.com/u/17481094/18foodtruck_2.jpg,CHICKEN,$0.50,,,,,,,BEEF,$0.50,CHORIZO,$0.50,STEAK,$0.50,,,,,,,,,,,https://dl.dropboxusercontent.com/u/17481094/18foodtruck_2.jpg
1968598787,https://dl.dropboxusercontent.com/u/17481094/18foodtruck_2.jpg,Steak,$0.50,,,,,,,,,,,,,,,,,,,,,,,https://dl.dropboxusercontent.com/u/17481094/18foodtruck_2.jpg
1968631914,https://dl.dropboxusercontent.com/u/17481094/18foodtruck_2.jpg,0.5,$2,2,$2.00,2,$2,2..0,$2,2,$2.00,2,$2,2,$2.00,2,$2,2,$2.00,2,$2,2,$2.00,2,$2,https://dl.dropboxusercontent.com/u/17481094/18foodtruck_2.jpg
1968594347,https://dl.dropboxusercontent.com/u/17481094/19foodtruck_2.jpg,CHICKEN W SALAD,$5,,,,,,,TILAPIA FISH W SALAD,$5,LAMB W/ SALAD,$5,COMBO SALAD,$5,CHICKEN GYRO,$4,LAMB GYRO,$4,FISH GYRO,$4,FALAFEL GYRO,$4,,,https://dl.dropboxusercontent.com/u/17481094/19foodtruck_2.jpg
1968594886,https://dl.dropboxusercontent.com/u/17481094/19foodtruck_2.jpg,Chicken W Salad,$5,,,,,,,Tilapia Fish W Salad,$5,Lamb W/salad,$5,Combo Salad,$5,Chicken Gyro,$4,Lamb Gyro,$4,Combo Gyro,$4,Fish Gyro,$4,falafel gyro,$4,https://dl.dropboxusercontent.com/u/17481094/19foodtruck_2.jpg
1968615658,https://dl.dropboxusercontent.com/u/17481094/19foodtruck_2.jpg,Chicken W Salad,$5,Combo Gyro,$400,Chicken W Salad,$5,Combo Salad,$5,Tilapia Fish E Salad,$5,Lamb W Salad,$5,Combo Salad,$5,Chicken Gyro,$4,Lamb Gyro,$4,Combo Gyro,$4,Fish Gyro,$4,Falafel gyro,$4,https://dl.dropboxusercontent.com/u/17481094/19foodtruck_2.jpg
1968595250,https://dl.dropboxusercontent.com/u/17481094/20foodtruck_2.jpg,1.5,$1.50,1.5,$1.50,1.5,$1.50,1.5,$1.50,1.501.50,$1.50,1.5,$1.50,1.5,$1.50,1.5,$1.50,1.5,$1.50,1.5,$1.50,1.5,$1.50,1.5,$1.50,https://dl.dropboxusercontent.com/u/17481094/20foodtruck_2.jpg
1968595782,https://dl.dropboxusercontent.com/u/17481094/20foodtruck_2.jpg,Jumatea,$300,Jumatea,$300,Jumatea,$300,Jumatea,$300,Jumatea,$300,Jumatea,$300,Jumatea,$300,Jumatea,$300,Jumatea,$300,Jumatea,$300,Jumatea,$300,jumatea,$300,https://dl.dropboxusercontent.com/u/17481094/20foodtruck_2.jpg
1968597303,https://dl.dropboxusercontent.com/u/17481094/20foodtruck_2.jpg,Egg Roll,$1,,,,,,,Shrimp Roll,$1,Wonton Soup,$1.50,Chicken Soup,$1.50,Chicken Noodle Soup,$1.75,Vegetable Soup,$1.50,,,,,,,https://dl.dropboxusercontent.com/u/17481094/20foodtruck_2.jpg
1968595202,https://dl.dropboxusercontent.com/u/17481094/21foodtruck_2.jpg,Chicken Kebab,$5,,,,,,,Gyro Kofte,$5,Falafel,$4,,,,,,,,,,,,,https://dl.dropboxusercontent.com/u/17481094/21foodtruck_2.jpg
1968596724,https://dl.dropboxusercontent.com/u/17481094/21foodtruck_2.jpg,Chicken Kebab,$5,,,,,,,Gyro,$5,Falafel,$4,,,,,,,,,,,,,https://dl.dropboxusercontent.com/u/17481094/21foodtruck_2.jpg
1968597315,https://dl.dropboxusercontent.com/u/17481094/21foodtruck_2.jpg,Chiken Kebab,$5,,,,,,,Gyro,$5,Kofte,$5,Falafel,$4,,,,,,,,,,,https://dl.dropboxusercontent.com/u/17481094/21foodtruck_2.jpg
1968593194,https://dl.dropboxusercontent.com/u/17481094/22foodtruck_2.jpg,Chicken on Pita,$4,,,,,,,Lamb on Pita,$4,Combo on Pita,$4,Chicken Cebab on Pita,$4,Fish on Pipa,$4,Falapel on Pipa,$4,Khyber Sandwich,$4,,,,,https://dl.dropboxusercontent.com/u/17481094/22foodtruck_2.jpg
1968594069,https://dl.dropboxusercontent.com/u/17481094/22foodtruck_2.jpg,Chicken on Pita,$4,,,,,,,Lamb on Pita,$4,Combo on Pita,$4,Chicken Kebab on Pita,$4,Fish on Pita,$4,Falafel on Pita,$4,Khyber Sandwich,$4,,,,,https://dl.dropboxusercontent.com/u/17481094/22foodtruck_2.jpg
1968606747,https://dl.dropboxusercontent.com/u/17481094/22foodtruck_2.jpg,Chicken on Pita,$4,,,,,,,Lamb on Pita,$4,Combo on Pita,$4,Chicken Kebab on Pita,$4,Fish on Pita,$4,Falafel on Pita,$4,,,,,,,https://dl.dropboxusercontent.com/u/17481094/22foodtruck_2.jpg
1968595064,https://dl.dropboxusercontent.com/u/17481094/23foodtruck_2.jpg,Wedw,"$3,333","$3,333","$3,333","$3,333","$3,333","$3,333","$3,333","$3,333","$3,333","$3,333","$3,333","$3,333","$3,333","$3,333","$3,333","$3,333","$3,333","$3,333","$3,333","$3,333","$3,333","$3,333","$3,333",https://dl.dropboxusercontent.com/u/17481094/23foodtruck_2.jpg
1968596357,https://dl.dropboxusercontent.com/u/17481094/23foodtruck_2.jpg,Cabbage,$0,French Menu,$0,French Menu,$0,French Menu,$0,Rice,$0,French Menu,$0,French Menu,$0,French Menu,$0,French Menu,$0,French Menu,$0,French Menu,$0,French Menu,$0,https://dl.dropboxusercontent.com/u/17481094/23foodtruck_2.jpg
1968596788,https://dl.dropboxusercontent.com/u/17481094/23foodtruck_2.jpg,CABBAGE,$0,,,,,,,RICE,$0,BEANS,$0,STRING BEANS,$0,,,,,,,,,,,https://dl.dropboxusercontent.com/u/17481094/23foodtruck_2.jpg
1968598249,https://dl.dropboxusercontent.com/u/17481094/25foodtruck_2.jpg,6.5,$41,1,$1,1,$1,2,$1,6.01,$12,1.2,$1,1,$1,1,$2,2,$2,1,$1,1,$1,1,$1,https://dl.dropboxusercontent.com/u/17481094/25foodtruck_2.jpg
1968599933,https://dl.dropboxusercontent.com/u/17481094/25foodtruck_2.jpg,Chicken Italiano,$7,Truck-Made Chips,$2.50,Chips and a Sandwich,$8.50,,,Chicken Parm,$6.50,BBQ Pulled Pork,$6.50,24 Hour Cheese Steak,$7,Meatball Parm,$6.50,Hot Roast Beef,$6.50,Hot Roast Pork,$6.50,Fresh Cut Fries,$3,Fries and a Sandwich,$9,https://dl.dropboxusercontent.com/u/17481094/25foodtruck_2.jpg
1968600385,https://dl.dropboxusercontent.com/u/17481094/25foodtruck_2.jpg,CHICKEN ITALIANO,$7,,,,,,,CHICKEN PARM,$6.50,BBQ PULLED PORK,$6.50,24 HOUR CHEESE STEAK,$7.50,MEATBALL PARM,$6.50,HOT ROAST BEEF,$6.50,HOT ROAST PORK,$6.50,,,,,https://dl.dropboxusercontent.com/u/17481094/25foodtruck_2.jpg
1968609951,https://dl.dropboxusercontent.com/u/17481094/26foodtruck_2.jpg,Hanan Falafel Cheeses,$4.75,,,,,,,,,,,,,,,,,,,,,,,https://dl.dropboxusercontent.com/u/17481094/26foodtruck_2.jpg
1968621435,https://dl.dropboxusercontent.com/u/17481094/26foodtruck_2.jpg,Hanna Falafel and Feta Cheese,$4.50,,,,,,,Hanna Falafel With Hoummos and Feta Cheese,$4.75,Hanna Falafel and Baba Ghanoush,$4.50,Hanna Falafel With Everything,$5,Zucchini Feta Cheese,$4.50,Zucchini and Hanan Falafel,$4.75,Zucchini and Baba Ghanoush,$4.50,Baba Ghanoush and Feta Cheese,$4.50,,,https://dl.dropboxusercontent.com/u/17481094/26foodtruck_2.jpg
1968641392,https://dl.dropboxusercontent.com/u/17481094/26foodtruck_2.jpg,Hanan Falafel With Hoummos,$4,,,,,,,Hanan Falafel and Feta Cheese,$4.50,Hanan Falafel With,$4.75,Hanan Falafel and Baba Ghanoush,$4.50,Hanan Falafel With Every Thing,$5,Zucchini - Feta Cheese,$4.50,Zucchini and Hanan Falafel,$4.75,Zucchini and Baba Ghanoush,$4.75,,,https://dl.dropboxusercontent.com/u/17481094/26foodtruck_2.jpg
1968596819,https://dl.dropboxusercontent.com/u/17481094/28foodtruck_2.jpg,Wonton Soup,$1.25,,,,,,,Hot & Sour Soup,$1.25,Chicken Veg. Soup,$1.50,House Special Wonton Soup,$4,,,,,,,,,,,https://dl.dropboxusercontent.com/u/17481094/28foodtruck_2.jpg
1968598409,https://dl.dropboxusercontent.com/u/17481094/28foodtruck_2.jpg,Wonton Soup,$1.25,,,,,,,Hot & Sour Soup,$1.25,Chicken Veg. Soup,$1.50,House Special Wonton Soup,$4,,,,,,,,,,,https://dl.dropboxusercontent.com/u/17481094/28foodtruck_2.jpg
1968611745,https://dl.dropboxusercontent.com/u/17481094/28foodtruck_2.jpg,Wonton Soup,$1.25,,,,,,,Hot E Sour Soup,$1.25,,,,,,,,,,,,,,,https://dl.dropboxusercontent.com/u/17481094/28foodtruck_2.jpg
1968595694,https://dl.dropboxusercontent.com/u/17481094/29foodtruck_2.jpg,Chicken Fajita,$6,,,,,,,Beef Fajita,$6.75,Pork Fajita,$6,Pollo Y Papas,$6,Chicken Primavera,$6,The Mexi,$6,The Cali,$6,Chicken & Chorizo,$6,beef & chorizo,$6.75,https://dl.dropboxusercontent.com/u/17481094/29foodtruck_2.jpg
1968599039,https://dl.dropboxusercontent.com/u/17481094/29foodtruck_2.jpg,Chicken Fajita,$6,,,,,,,Beef Fajita,$6.75,Pork Fajita,$6,Pollo Y Papas,$6,Chicken Primavera,$6,The Mexi,$6,The Cali,$6,Chicken & Chorizo,$6,beef & chorizo,$6.75,https://dl.dropboxusercontent.com/u/17481094/29foodtruck_2.jpg
1968622866,https://dl.dropboxusercontent.com/u/17481094/29foodtruck_2.jpg,Beef & Chorizo,$6.75,,,,,,,Chicken & Chorizo,$6,The Cali,$6,The Mexi,$6,Chicken Primavera,$6,Pollo Y Papas,$6,,,,,,,https://dl.dropboxusercontent.com/u/17481094/29foodtruck_2.jpg
1968594289,https://dl.dropboxusercontent.com/u/17481094/1foodtruck_3.jpg,Small,$4,Can-Soda,$0.75,Bottle-Soda,$1.50,Juice,$1.50,Medium,$4.50,Large,$5,Mango,$4.25,Apple,$1.50,Orange,$0.60,Grape,$2,Strawberry,$2,banana,$0.50,https://dl.dropboxusercontent.com/u/17481094/1foodtruck_3.jpg
1968596395,https://dl.dropboxusercontent.com/u/17481094/1foodtruck_3.jpg,MANGO,$4.25,MEDIUM,$4.50,LARGE,$5,BOTTLE-SODA,$1.50,APPLE,$1.50,ORANGE,$0.60,GRAPE,$2,STRAWBERRY,$2,BANANA,$0.50,CAN-SODA,$0.75,JUICE,$1.50,SMALL,$4,https://dl.dropboxusercontent.com/u/17481094/1foodtruck_3.jpg
1968634981,https://dl.dropboxusercontent.com/u/17481094/1foodtruck_3.jpg,Small,$4,Can-Soda,$0.75,Bottle-Soda,$1.50,Juice,$1.50,Medium,$4.50,Large,$5,Orange,$0.60,Mango,$4.25,Apple,$1.50,Grape,$2,Strawberry,$2,banana,$0.50,https://dl.dropboxusercontent.com/u/17481094/1foodtruck_3.jpg
1968609959,https://dl.dropboxusercontent.com/u/17481094/2foodtruck_3.jpg,Cucumber Rool,$2,,,,,,,Avocado Rool,$2,Garden Roll,$2.50,,,,,,,,,,,,,https://dl.dropboxusercontent.com/u/17481094/2foodtruck_3.jpg
1968621431,https://dl.dropboxusercontent.com/u/17481094/2foodtruck_3.jpg,Cucumber Roll,$2,Alaska Roll,$3.50,Philly Roll,$3,California Roll,$3,Avocado Roll,$2,Avocado Cucumber Roll,$2.50,Garden Roll,$2.50,Tuna Roll,$3,Spicy Tuna Roll,$3.50,Salmon Roll,$3,Spicy Salmon Roll,$3.50,eel roll,$3,https://dl.dropboxusercontent.com/u/17481094/2foodtruck_3.jpg
1968641383,https://dl.dropboxusercontent.com/u/17481094/2foodtruck_3.jpg,Cucumber Roll,$2,Alaska Roll,$3.50,Philly Roll,$3,California Roll,$3,Avocado Roll,$2,Avocado Cucumber Roll,$2.50,Garden Roll,$2.50,Tuna Roll,$3,Spicy Tuna Roll,$3.50,Salmon Roll,$3,Spicy Salmon Roll,$3.50,eel roll,$3,https://dl.dropboxusercontent.com/u/17481094/2foodtruck_3.jpg
1968595112,https://dl.dropboxusercontent.com/u/17481094/3foodtruck_3.jpg,Grilled Cheese,$2.50,,,,,,,Grilled Cheese and Tomatoes,$2.75,Grilled Ham and Cheese,$3.75,,,,,,,,,,,,,https://dl.dropboxusercontent.com/u/17481094/3foodtruck_3.jpg
1968602866,https://dl.dropboxusercontent.com/u/17481094/3foodtruck_3.jpg,GRILLED CHEESE,$2.50,,,,,,,GRILLED CHEESE and TOMATOES,$2.75,GRILLED HAM and CHEESE,$3.75,GRILLED TURKEY and CHEESE,$3.75,GRILLED CORNED BEEF and CHEESE,$3.75,GRILLED ROAST BEEF and CHEESE,$3.75,GRILLED BACON and CHEESE,$3.75,,,,,https://dl.dropboxusercontent.com/u/17481094/3foodtruck_3.jpg
1968618008,https://dl.dropboxusercontent.com/u/17481094/3foodtruck_3.jpg,Grilled Cheese,$2.50,,,,,,,Grilled Cheese and Tomatoes,$2.75,Grilled Ham and Cheese,$3.75,Grilled Turkey and Cheese,$3.75,Grilled Corned Beef and Cheese,$3.75,Grilled Roast Beef and Cheese,$3.75,Grilled Bacon and Cheese,$3.75,,,,,https://dl.dropboxusercontent.com/u/17481094/3foodtruck_3.jpg
1968595605,https://dl.dropboxusercontent.com/u/17481094/4foodtruck_3.jpg,Steam Veg.,$4.25,Mushroomn Tofu,$4.25,Orange Tofu,$4.50,General Tso's Tofu,$4.50,Veg. Tofu,$4.25,Eggplan Tofu,$4.25,Hunan Tofu,$4.25,Kupao Tofu,$4.25,Peanut Tofu,$4.25,Broccoli Tofu,$4.25,Bean Sprout & Scallion Tofu,$4.25,string bean tofu,$4.25,https://dl.dropboxusercontent.com/u/17481094/4foodtruck_3.jpg
1968596789,https://dl.dropboxusercontent.com/u/17481094/4foodtruck_3.jpg,Steam Veg.,$4.25,,,,,,,Veg. Tofu,$4.25,Eggplan Tofu,$4.25,Hunan Tofu,$4.25,Kupao Tofu,$4.25,Peanut Tofu,$4.25,Broccoli Tofu,$4.25,,,,,https://dl.dropboxusercontent.com/u/17481094/4foodtruck_3.jpg
1968620151,https://dl.dropboxusercontent.com/u/17481094/4foodtruck_3.jpg,Steam Veg.,$4.25,Mushroomn Tofu,$4.25,Orange Tofu,$4.50,General Tso's Tofu,$4.50,Veg. Tofu,$4.25,Eggplan Tofu,$4.25,Hunan Tofu,$4.25,Kupao Tofu,$4.25,Peanut Tofu,$4.25,Broccoli Tofu,$4.25,Bean Sprout & Scallion Tofu,$4.25,string bean tofu,$4.25,https://dl.dropboxusercontent.com/u/17481094/4foodtruck_3.jpg
1968610462,https://dl.dropboxusercontent.com/u/17481094/6foodtruck_3.jpg,Grilled Fish,$0,,,,,,,Grilled Chiken,$0,Grilled Deef,$0,Grilled Beef Chiken,$0,,,,,,,,,,,https://dl.dropboxusercontent.com/u/17481094/6foodtruck_3.jpg
1968631514,https://dl.dropboxusercontent.com/u/17481094/6foodtruck_3.jpg,,,,,,,,,,,,,,,,,,,,,,,,,https://dl.dropboxusercontent.com/u/17481094/6foodtruck_3.jpg
1968635938,https://dl.dropboxusercontent.com/u/17481094/6foodtruck_3.jpg,Grilled Fish,$0,,,,,,,,,,,,,,,,,,,,,,,https://dl.dropboxusercontent.com/u/17481094/6foodtruck_3.jpg
1968596044,https://dl.dropboxusercontent.com/u/17481094/8foodtruck_3.jpg,None,$0,,,,,,,,,,,,,,,,,,,,,,,https://dl.dropboxusercontent.com/u/17481094/8foodtruck_3.jpg
1968596070,https://dl.dropboxusercontent.com/u/17481094/8foodtruck_3.jpg,,,,,,,,,,,,,,,,,,,,,,,,,https://dl.dropboxusercontent.com/u/17481094/8foodtruck_3.jpg
1968598174,https://dl.dropboxusercontent.com/u/17481094/8foodtruck_3.jpg,Chicken Over Rice,$0,,,,,,,Chicken Salad,$0,Fish Salad,$0,Chicken Stak Salad,$0,Gyro,$0,Lamb Over Rice,$0,Chicken Fofta Rice,$0,,,,,https://dl.dropboxusercontent.com/u/17481094/8foodtruck_3.jpg
1968595206,https://dl.dropboxusercontent.com/u/17481094/9foodtruck_3.jpg,Chicken Over Rice,$5,,,,,,,,,Falafel,$4,Falafel Over Rice,$5,Lamb Over Rice,$5,Chicken & Falafel W/rice,$5,,,,,,,https://dl.dropboxusercontent.com/u/17481094/9foodtruck_3.jpg
1968596726,https://dl.dropboxusercontent.com/u/17481094/9foodtruck_3.jpg,Chicken Over Rice,$5,,,,,,,Lamb Over Rice,$5,Falafel Over Rice,$5,Chicken & Falafel W/rice,$5,Falafel,$4,,,,,,,,,https://dl.dropboxusercontent.com/u/17481094/9foodtruck_3.jpg
1968597319,https://dl.dropboxusercontent.com/u/17481094/9foodtruck_3.jpg,Chiken Over Rice,$5,,,,,,,Combo Plater,$5,Fish Over Rice,$5,,,Lamb Over Rice,$5,Falafel Over Rice,$5,Chiken &falafel W/rice,$5,Falafel,$4,,,https://dl.dropboxusercontent.com/u/17481094/9foodtruck_3.jpg
1968593972,https://dl.dropboxusercontent.com/u/17481094/11foodtruck_3.jpg,FRESH MISHROOM CHICKEN,$4.50,,,,,,,KUNG PAO CHICKEN,$4.50,PEPPPER ONION CHICKEN,$4.50,PINEAPPLE CHICKEN,$4.50,STRING BEAN CHICKEN,$4.50,SNOW PEA CHICKEN,$4.50,CURRY CHICKEN,$4.50,,,,,https://dl.dropboxusercontent.com/u/17481094/11foodtruck_3.jpg
1968602512,https://dl.dropboxusercontent.com/u/17481094/11foodtruck_3.jpg,Fresh Mushroom Chichen,$4.50,,,,,,,Cunk Pao Chichen,$4.50,Pepper Onion Chichen,$4.50,Pineapple Chichen,$4.50,String Bean Shichen,$4.50,Snow Pea Chichen,$4.50,Curry Chichen,$4.50,,,,,https://dl.dropboxusercontent.com/u/17481094/11foodtruck_3.jpg
1968610139,https://dl.dropboxusercontent.com/u/17481094/11foodtruck_3.jpg,Fresh Mushroom Chicken,$450,,,,,,,Kung Pao Chicken,$450,Pepper Onion Chicken,$450,Pineapple Chicken,$450,String Bean Chicken,$450,Snow Pea Chicken,$450,Curry Chicken,$450,,,,,https://dl.dropboxusercontent.com/u/17481094/11foodtruck_3.jpg
1968599001,https://dl.dropboxusercontent.com/u/17481094/12foodtruck_3.jpg,O.G DOG,$5,,,,,,,BEE DOG,$3,KIMCHI DOG,$3,THAI BBQ CHICKEN WRAP,$6,TOFU WRAP,$5,,,,,,,,,https://dl.dropboxusercontent.com/u/17481094/12foodtruck_3.jpg
1968603962,https://dl.dropboxusercontent.com/u/17481094/12foodtruck_3.jpg,O.G. Dog,$5,,,,,,,Bee Dog,$3,Kimchi Dog,$3,Thai BBQ Chicken Wrap,$6,Tofu Wrap,$5,,,,,,,,,https://dl.dropboxusercontent.com/u/17481094/12foodtruck_3.jpg
1968614232,https://dl.dropboxusercontent.com/u/17481094/12foodtruck_3.jpg,Asdasd,$100,Asdasd,$100,Asdasd,$100,Asdad,$100,Asdasd,$100,Asdad,$100,Asd,$100,Asdad,$100,Sadad,$100,Asdadsd,$100,Asdad,$100,asdasd,$100,https://dl.dropboxusercontent.com/u/17481094/12foodtruck_3.jpg
1968595469,https://dl.dropboxusercontent.com/u/17481094/13foodtruck_3.jpg,7,$7,7,$7,7,$7,7,$7,7,$7,7,$7,7,$7,7,$7,7,$7,7,$7,7,$7,7,$7,https://dl.dropboxusercontent.com/u/17481094/13foodtruck_3.jpg
1968609127,https://dl.dropboxusercontent.com/u/17481094/13foodtruck_3.jpg,Bella Donna,$3,,,,,,,,,,,,,,,,,,,,,,,https://dl.dropboxusercontent.com/u/17481094/13foodtruck_3.jpg
1968612637,https://dl.dropboxusercontent.com/u/17481094/13foodtruck_3.jpg,Bella Donna,$4.50,,,,,,,El Gringo,$4.50,Seizan,$4.50,Foo Chow,$4.50,Geisha,$4.50,Bedouin,$4.50,Adriani,$4.50,Combo Meal,$7,,,https://dl.dropboxusercontent.com/u/17481094/13foodtruck_3.jpg
1968593191,https://dl.dropboxusercontent.com/u/17481094/14foodtruck_3.jpg,BLT,$5,,,,,,,Bagel w/Cream Cheese,$1.25,Grillet Cheese,$2,Muffin Grilled W/ Butter,$1.50,,,,,,,,,,,https://dl.dropboxusercontent.com/u/17481094/14foodtruck_3.jpg
1968594064,https://dl.dropboxusercontent.com/u/17481094/14foodtruck_3.jpg,BLT Short 3.50 Long,$5,,,,,,,Grilled Cheese,$2,Grilled Cheese,$2,Bagel W/ Cream Cheese,$1.25,Grilled W/ Cream Cheese,$1.50,Muffin Grilled W/ Butter,$1.50,,,,,,,https://dl.dropboxusercontent.com/u/17481094/14foodtruck_3.jpg
1968606748,https://dl.dropboxusercontent.com/u/17481094/14foodtruck_3.jpg,Blt,$3.50,,,,,,,Grilled Cheese,$2,Bagel Crean Cheese,$1.25,Grilled Cream Cheese,$1.50,Muffin Grilled Butter,$1.50,,,,,,,,,https://dl.dropboxusercontent.com/u/17481094/14foodtruck_3.jpg
1968598250,https://dl.dropboxusercontent.com/u/17481094/15foodtruck_3.jpg,1,$1,1,$2,2,$1,2,$1,1,$1,1,$1,1,$1,1,$1,1,$1,1,$1,1,$1,1,$2,https://dl.dropboxusercontent.com/u/17481094/15foodtruck_3.jpg
1968599939,https://dl.dropboxusercontent.com/u/17481094/15foodtruck_3.jpg,Grilled Chicken Breast,$4,,,,,,,Salmon Burger,$3,Salmon Cheese Burger,$3.50,Ham Burger,$3,Cheese Burger,$3.50,Double Cheese Burger,$5,Bacon Cheese Burger,$4,Turkey Burger,$3,Turkey Cheese Burger,$3.50,https://dl.dropboxusercontent.com/u/17481094/15foodtruck_3.jpg
1968600384,https://dl.dropboxusercontent.com/u/17481094/15foodtruck_3.jpg,GRILLED CHICKEN BREAST,$4,,,,,,,SALMON BURGER,$3,SALMON CHEESE BURGER,$3.50,HAM BURGER,$3,CHEESE BURGER,$3.50,DOUBLE CHEESE BURGER,$5,BACON CHEESE BURGER,$4,TURKEY BURGER,$3,TURKEY CHEESE BURGER,$3.50,https://dl.dropboxusercontent.com/u/17481094/15foodtruck_3.jpg
1968595477,https://dl.dropboxusercontent.com/u/17481094/16foodtruck_3.jpg,5,$5,5,$5,5,$5,5,$5,5,$5,5,$5,5,$5,5,$5,5,$5,5,$5,5,$5,5,$5,https://dl.dropboxusercontent.com/u/17481094/16foodtruck_3.jpg
1968609126,https://dl.dropboxusercontent.com/u/17481094/16foodtruck_3.jpg,Chicken Cheese Stick,$5,,,,,,,Chicken Cheese Stick,$5,Chicken Cheese Stick,$3,,,,,,,,,,,,,https://dl.dropboxusercontent.com/u/17481094/16foodtruck_3.jpg
1968612638,https://dl.dropboxusercontent.com/u/17481094/16foodtruck_3.jpg,Chicken Cheese Steak,$5,,,,,,,Hamburguer,$2.50,Cheese Burguer,$3,Bacon Cheese Burger,$4,Double Cheese Burger,$5,Salmon Burguer,$3,Salmon Cheese Burger,$3.50,Tuna Salad,$4,Chicken salad,$4,https://dl.dropboxusercontent.com/u/17481094/16foodtruck_3.jpg
1968593934,https://dl.dropboxusercontent.com/u/17481094/17foodtruck_3.jpg,Plain Nachos,$3.50,,,,,,,Shredded Roast Beef,$5,Shredded Chicken Breast,$5,"Veggle (Spinach, Eggplant & Roasted Peppers",$5,Rice and Bean,$3.50,Shredded and Bean,$5,Shrimp,$6,,,,,https://dl.dropboxusercontent.com/u/17481094/17foodtruck_3.jpg
1968594030,https://dl.dropboxusercontent.com/u/17481094/17foodtruck_3.jpg,Plain Nachos,$3.50,,,,,,,Shredded Roast Beef,$5,Shredded Chicken Breast,$5,Veggie (Spinach Eggplant & Roasted Peppers),$5,Rice and Bean,$3.50,Shredded Roast Beef,$5,Shredded Chicken Breast,$5,Veggie (Spinach Eggplant & Roasted Peppers),$5,Shrimp,$6,https://dl.dropboxusercontent.com/u/17481094/17foodtruck_3.jpg
1968595408,https://dl.dropboxusercontent.com/u/17481094/17foodtruck_3.jpg,Plain Nachos,$3.50,,,,,,,Shredded Roast Beef,$5.00,Shredded Chicken Breast,$5.00,Veggie,$5.00,Rice and Bean,$3.50,Shredded Roast Beef,$5.00,Shredded Chicken Breast,$5.00,Veggie,$5.00,Shrimp,$6.00,https://dl.dropboxusercontent.com/u/17481094/17foodtruck_3.jpg
1968594150,https://dl.dropboxusercontent.com/u/17481094/18foodtruck_3.jpg,,,,,,,,,,,,,,,,,,,,,,,,,https://dl.dropboxusercontent.com/u/17481094/18foodtruck_3.jpg
1968597140,https://dl.dropboxusercontent.com/u/17481094/18foodtruck_3.jpg,Buritos,$6,,,,,,,Tacos,$5,Taco Salad,$5,Enchilads,$7,Quesadilla,$6,Nachos Supreme,$5,,,,,,,https://dl.dropboxusercontent.com/u/17481094/18foodtruck_3.jpg
1968600720,https://dl.dropboxusercontent.com/u/17481094/18foodtruck_3.jpg,Burritos,$6,,,,,,,Tacos,$5,Taco Salad,$5.50,Enchiladas,$7,Nachos Supreme,$5.50,Quesadilla,$6,,,,,,,https://dl.dropboxusercontent.com/u/17481094/18foodtruck_3.jpg
1968593209,https://dl.dropboxusercontent.com/u/17481094/19foodtruck_3.jpg,Chicken W Rice,$5,,,,,,,Lamb W Rice,$5,Combo W Rice,$6,,,,,,,,,,,,,https://dl.dropboxusercontent.com/u/17481094/19foodtruck_3.jpg
1968594062,https://dl.dropboxusercontent.com/u/17481094/19foodtruck_3.jpg,Chicken W Rice,$5,,,,,,,Lamb W Rice,$5,Combo W Rice,$6,Falafel With Rice,$6,Tilapia Fish W Rice,$10,,,,,,,,,https://dl.dropboxusercontent.com/u/17481094/19foodtruck_3.jpg
1968613237,https://dl.dropboxusercontent.com/u/17481094/19foodtruck_3.jpg,Chicken W Rice,$5,,,,,,,Lamb W Rice,$5,Combo W Rice,$6,,,,,,,,,,,,,https://dl.dropboxusercontent.com/u/17481094/19foodtruck_3.jpg
1968597722,https://dl.dropboxusercontent.com/u/17481094/20foodtruck_3.jpg,Broccoli,$4.25,Kung Pao,$4.50,Cashew,$4.50,Vegetable,$4.25,Sweet & Sour,$4.25,Sesame,$4.25,Hot Spicy,$4.25,Garlic/ Curry,$4.25,Egg Plant,$5,Bean Curd,$4.50,Snow Peas,$4.25,Teriyaki,$4.25,https://dl.dropboxusercontent.com/u/17481094/20foodtruck_3.jpg
1968609655,https://dl.dropboxusercontent.com/u/17481094/20foodtruck_3.jpg,Broccoli,$4.25,Susame,$4.25,Sweet & Sour,$4.25,,,Vegetable,$4.25,Gashew,$4.50,Kung Pao,$4.50,Teriyaki,$4.25,Snow Peas,$4.25,Bean Curd,$4.50,Egg Plant,$5,Hot Spicy,$4.25,https://dl.dropboxusercontent.com/u/17481094/20foodtruck_3.jpg
1968619804,https://dl.dropboxusercontent.com/u/17481094/20foodtruck_3.jpg,Shrimp With Broccoli,$4.25,Kung Pao Shrimp,$4.50,Cashew Shrimp,$4.50,Vegetable Shrimp,$4.25,Sweet and Sour Shrimp,$4.25,Sesame Shrimp,$4.25,Hot Spicy Shrimp,$4.25,Garlic/curry Shrimp,$4.25,Egg Plant Shrimp,$5,Bean Curd Shrimp,$4.50,Snow Peas Shrimp,$4.25,teriyaki  Shrimp,$4.25,https://dl.dropboxusercontent.com/u/17481094/20foodtruck_3.jpg
1968596589,https://dl.dropboxusercontent.com/u/17481094/23foodtruck_3.jpg,Qwwwq,$333,$333,$333,$333,$333,$333,$333,$333,$333,$333,$333,$333,$333,$333,$333,$333,$333,$333,$333,$333,$333,$333,$333,https://dl.dropboxusercontent.com/u/17481094/23foodtruck_3.jpg
1968600127,https://dl.dropboxusercontent.com/u/17481094/23foodtruck_3.jpg,Chicken Breast Sandwich,$0,Iced Tea,$0,Corn Bread,$0,Peach Cobbler,$0,Chicken Leg Ant Thigh,$0,Chicken Wing Sandwich Small,$0,Chicken Wing Sandwich Large,$0,Fish Sandwich Small,$0,Fish Sandwich Large,$0,Wings and Fries Small-Large,$0,Bottled Water,$0,Sodas,$0,https://dl.dropboxusercontent.com/u/17481094/23foodtruck_3.jpg
1968610187,https://dl.dropboxusercontent.com/u/17481094/23foodtruck_3.jpg,Chicken Breast Sandwich,$7,,,,,,,Chicken Leg and Thigh,$7,Chicken Wing Sandwich Small or Large,$7,Fish Sandwich Small or Large,$7,Wing and Fries Small or Large,$7,,,,,,,,,https://dl.dropboxusercontent.com/u/17481094/23foodtruck_3.jpg
1968600206,https://dl.dropboxusercontent.com/u/17481094/25foodtruck_3.jpg,Fries,3,,,,,,,Chips,2.5,Fries and Sandwich,9,Chips and Sandwich,8.5,,,,,,,,,,,https://dl.dropboxusercontent.com/u/17481094/25foodtruck_3.jpg
1968624671,https://dl.dropboxusercontent.com/u/17481094/25foodtruck_3.jpg,FRESH CUT FRIES,$3,,,,,,,FRIES and a SANDWICH,$9,TRUCK MADE CHIPS,$2.50,CHIPS and a SANDWICH,$8.50,,,,,,,,,,,https://dl.dropboxusercontent.com/u/17481094/25foodtruck_3.jpg
1968634188,https://dl.dropboxusercontent.com/u/17481094/25foodtruck_3.jpg,Fries,$3,,,,,,,Fries Ans Sandwich,$9,Cmps,$2.50,,,,,,,,,,,,,https://dl.dropboxusercontent.com/u/17481094/25foodtruck_3.jpg
1968592473,https://dl.dropboxusercontent.com/u/17481094/26foodtruck_3.jpg,Baba Ghanoush and Feta Cheese,$4.56,,,,,,,Greek Salad Sandwich,$4.50,Chicken Kebab,$4.75,Chicken and Hanan Hoummos,$5,Chicken and Hanan Falafel,$5,Chicken and Baba Ghanoush,$5,Chicken and Feta Cheese,$5,,,,,https://dl.dropboxusercontent.com/u/17481094/26foodtruck_3.jpg
1968593353,https://dl.dropboxusercontent.com/u/17481094/26foodtruck_3.jpg,Baba Ghanoush and Feta Cheese,$4.50,,,,,,,Greek Salad Sandwich,$4.50,Chicken and Hanan Hoummos,$5,Chicken and Hanan Falafel,$5,Chicken and Baba Ghanoush,$5,Chicken and Feta Cheese,$5,Chicken and Kebab,$4.75,,,,,https://dl.dropboxusercontent.com/u/17481094/26foodtruck_3.jpg
1968605853,https://dl.dropboxusercontent.com/u/17481094/26foodtruck_3.jpg,Zucchini and Baba Ghanoush,$4.50,,,,,,,Greek Salad Samdwich,$4.50,Chicken Kebab,$4.75,,,,,,,,,,,,,https://dl.dropboxusercontent.com/u/17481094/26foodtruck_3.jpg
1968594151,https://dl.dropboxusercontent.com/u/17481094/28foodtruck_3.jpg,,,,,,,,,,,,,,,,,,,,,,,,,https://dl.dropboxusercontent.com/u/17481094/28foodtruck_3.jpg
1968597138,https://dl.dropboxusercontent.com/u/17481094/28foodtruck_3.jpg,Chicken or Pork Fried Rice,$2.75,,,,,,,Subgum Fried Rice,$4,Steamed Rice,$2,Fried Rice,$2,,,,,,,,,,,https://dl.dropboxusercontent.com/u/17481094/28foodtruck_3.jpg
1968600713,https://dl.dropboxusercontent.com/u/17481094/28foodtruck_3.jpg,Steamed Rice,$1,,,,,,,Plain Fried Rice,$1,Veg. Fried Rice,$2.50,Chicken or Pork Fried Rice,$2.75,Beef Fried Rice,$3,Shrimp Fried Rice,$3.25,Subgum Fried Rice,$4,,,,,https://dl.dropboxusercontent.com/u/17481094/28foodtruck_3.jpg
1968600402,https://dl.dropboxusercontent.com/u/17481094/29foodtruck_3.jpg,Rice and Bean,$5,,,,,,,Carnitas,$6,Chichen,$6,Spanish and Papper,$6,Barbacoa,$6.75,,,,,,,,,https://dl.dropboxusercontent.com/u/17481094/29foodtruck_3.jpg
1968601831,https://dl.dropboxusercontent.com/u/17481094/29foodtruck_3.jpg,Rice & Bean,$5,,,,,,,Carnitas,$6,Chicken,$6,Spinach & Pepper,$6,Barbacoa,$6.75,,,,,,,,,https://dl.dropboxusercontent.com/u/17481094/29foodtruck_3.jpg
1968614317,https://dl.dropboxusercontent.com/u/17481094/29foodtruck_3.jpg,Chicken,$6,,,,,,,Barbacoa,$6.75,Carnitas,$6,Rice&Bean,$5,Spinach&Pepper,$6,,,,,,,,,https://dl.dropboxusercontent.com/u/17481094/29foodtruck_3.jpg
1968592662,https://dl.dropboxusercontent.com/u/17481094/2foodtruck_4.jpg,Pork Katsu,$5,,,,,,,Beef Hibachi,$5.50,Chicken Hibachi,$5,Tofu Hibachi,$5,,,,,,,,,,,https://dl.dropboxusercontent.com/u/17481094/2foodtruck_4.jpg
1968597537,https://dl.dropboxusercontent.com/u/17481094/2foodtruck_4.jpg,PORK KATSU,$5,,,,,,,TOFU TERIYAKI,$4.50,MEAT BALL PHO,$6,CHICKEN HIBACHI,$5,CHICKEN YAKIUDON,$5,TOFU HIBACHI a LA CARTE,$5,TUNA TERIYAKI,$6,BEEF HIBACHI,$5,SALMON HIBACHI,$6,https://dl.dropboxusercontent.com/u/17481094/2foodtruck_4.jpg
1968615425,https://dl.dropboxusercontent.com/u/17481094/2foodtruck_4.jpg,Pork Katsu,$5,,,,,,,Tofu Teriyaki,$4.50,Meat Ball Pho,$6,Chicken Hibachi,$5,Chicken Yekiudon,$5,Tofu Hibachi,$5,Tina Teriyaki,$6,Beef Hibachi,$5,salmon hibachi,$5,https://dl.dropboxusercontent.com/u/17481094/2foodtruck_4.jpg
1968595174,https://dl.dropboxusercontent.com/u/17481094/3foodtruck_4.jpg,Asdfsdfd,"$1,000",Sad,"$1,000",Asdad,"$1,000",Sadad,"$1,000",Asdad,"$1,000",Asdadasd,"$1,000",Asdadsd,"$1,000",Asdasdas,"$1,000",Sdadasd,"$1,000",Asdasdasd,"$1,000",Asdadasd,"$1,000",asdad,"$1,000",https://dl.dropboxusercontent.com/u/17481094/3foodtruck_4.jpg
1968597469,https://dl.dropboxusercontent.com/u/17481094/3foodtruck_4.jpg,Bacon Lettuce and Tomato (B.L.T.),$3.25,CORN BEEF SPECIAL,$3.50,CHISPY CHICKEN,$3.50,GRILLED CHICKEN,$3.75,Tuna Salad,$3.50,Chicken Salad,$3.75,EGG SALAD,$3,EGG SALAD B.L.T.,$3.50,AMERICAN CHEESE,$3,HAM and CHEESE,$3.50,ROAST BEEF,$3.50,TURKEY,$3.75,https://dl.dropboxusercontent.com/u/17481094/3foodtruck_4.jpg
1968603548,https://dl.dropboxusercontent.com/u/17481094/3foodtruck_4.jpg,Bacon Lettuce and Tomato (B.l.t.),$3.25,Corn Beef,$3.50,Turkey,$3.50,Corn Beef Special With Russian Dressing & Coleslaw,$3.75,Tuna Salad,$3.50,Chicken Salad,$3.75,Egg Salad,$3,Egg Salad b.l.t.,$3.50,American Cheese,$3,Ham and Cheese,$3.50,Roast Beef,$3.50,turkey bacon b.l.t,$3.75,https://dl.dropboxusercontent.com/u/17481094/3foodtruck_4.jpg
1968597728,https://dl.dropboxusercontent.com/u/17481094/4foodtruck_4.jpg,Chicken or Pork,$4.50,Eggplan,$0.00,W. Mushroom & Bamboo Shoot,$0.00,W. Garlic Sauce,$0.00,Beef or Shrimp,$4.75,Subgum,$5,W. Tomato,$0.00,W. Vegetable & Tofu,$0.00,Broccoli & Tofu,$0.00,W. Pineapple,$0.00,W. Curry,$0.00,W. String bean,$0.00,https://dl.dropboxusercontent.com/u/17481094/4foodtruck_4.jpg
1968609657,https://dl.dropboxusercontent.com/u/17481094/4foodtruck_4.jpg,Chicken or Pork,$4.50,,,,,,,Beef or Shrimp,$4.75,Subgum,$5,,,,,,,,,,,,,https://dl.dropboxusercontent.com/u/17481094/4foodtruck_4.jpg
1968619816,https://dl.dropboxusercontent.com/u/17481094/4foodtruck_4.jpg,Chicken on Pork,$4.25,Subgum W. Mushroom and Bamboo Shoot,$5,Subgum W. Garlic Sauce,$5,Subgum W. Black Bean Sauce,$5,Beef or Shrimp,$4.75,Subgum W. Tomato,$5,Subgum W. Vegetable and Tofu,$5,Subgum W. Broccoli and Tofu,$5,Subgum W. Pineapple,$5,Subgum W. Curry,$5,Subgum W. String Bean,$5,Subgum W.  eggplan,$5,https://dl.dropboxusercontent.com/u/17481094/4foodtruck_4.jpg
1968594290,https://dl.dropboxusercontent.com/u/17481094/9foodtruck_4.jpg,Veggie Over Rice,$5,,,,,,,Fish & Chicken w/Rice,$0,Fish & Falafel W/rice,$6,Lamb Gyro,$4,Lamb Salad,$5,Chicken Salad,$5,Chicken on Pita,$4,,,,,https://dl.dropboxusercontent.com/u/17481094/9foodtruck_4.jpg
1968596392,https://dl.dropboxusercontent.com/u/17481094/9foodtruck_4.jpg,VEGGIE OVER RICE,$5,,,,,,,LAMB SALAD,$5,CHICKEN SALAD,$5,FISH & FALAFAL W/RICE,$6,LAMB GYRO,$4,CHICKEN on PITA,$4,,,,,,,https://dl.dropboxusercontent.com/u/17481094/9foodtruck_4.jpg
1968634980,https://dl.dropboxusercontent.com/u/17481094/9foodtruck_4.jpg,Lamb Salad,$5,,,,,,,Chicken Salad,$5,Chicken on Pita,$4,Lamb Gyro,$4,Fish & Falafel W/ Rice,$6,Vegger Over Rice,$5,,,,,,,https://dl.dropboxusercontent.com/u/17481094/9foodtruck_4.jpg
1968595695,https://dl.dropboxusercontent.com/u/17481094/11foodtruck_4.jpg,Black Bean Sauce Veg,$4.50,,,,,,,Eggplant Tofu,$4.50,Ginger Vegetable,$4.50,Lemon Grass Veg,$4.50,Makao Tofu Veg,$4.50,Shanghai Noodle Veg,$5,Singapore Noodle Veg,$5,Spicy Tofu Vegetable,$4.50,,,https://dl.dropboxusercontent.com/u/17481094/11foodtruck_4.jpg
1968599041,https://dl.dropboxusercontent.com/u/17481094/11foodtruck_4.jpg,Black Bean Sauce Veg.,$4.50,,,,,,,EggPlant Tofu,$4.50,Ginger Vegetable,$4.50,Lemon Grass Veg.,$4.50,Makao Tofu Veg.,$4.50,Shangai Noodle Veg.,$5,Singapore Noodle Veg.,$5,Spicy Tofu Vegetable,$4.50,,,https://dl.dropboxusercontent.com/u/17481094/11foodtruck_4.jpg
1968622859,https://dl.dropboxusercontent.com/u/17481094/11foodtruck_4.jpg,Spicy Tofu Vegetable,$4.50,,,,,,,Singapore Noodle Veg,$5,Singapore Noodle Veg,$5,Makao Tofu Veg,$4.50,Lemon Gpass Veg,$4.50,Eg Gplant Tofu,$4.50,,,,,,,https://dl.dropboxusercontent.com/u/17481094/11foodtruck_4.jpg
1968593206,https://dl.dropboxusercontent.com/u/17481094/13foodtruck_4.jpg,Daily Special,$6,,,,,,,Soup Du Jour,$4.25,Spinach Pie,$2.75,Veggie Chill,$6.50,Rice & Veggies,$5,Assorted Wraps,$5,,,,,,,https://dl.dropboxusercontent.com/u/17481094/13foodtruck_4.jpg
1968594070,https://dl.dropboxusercontent.com/u/17481094/13foodtruck_4.jpg,Daily Special,$6,,,,,,,Soup Du Jour,$3.25,,,,,,,,,,,,,,,https://dl.dropboxusercontent.com/u/17481094/13foodtruck_4.jpg
1968613231,https://dl.dropboxusercontent.com/u/17481094/13foodtruck_4.jpg,Daily Special,$6,,,,,,,Soup Du Jour,$4.25,Spinach Pie,$2.75,Veggie Chili,$6.50,Rice & Veggies,$5,Assorted Wraps,$5,,,,,,,https://dl.dropboxusercontent.com/u/17481094/13foodtruck_4.jpg
1968592956,https://dl.dropboxusercontent.com/u/17481094/14foodtruck_4.jpg,Grilled Chicken,$4.50,,,,,,,Grilled Chicken W/ Cheese,$5,Grilled Chicken Special,$5.75,Chicken Pita,$4.50,Pizza Chicken,$5,Chicken Whrap,$5,Glilled Chicken Ceasa Whrap,$5,Chicken Cacciatore,$5.50,,,https://dl.dropboxusercontent.com/u/17481094/14foodtruck_4.jpg
1968596169,https://dl.dropboxusercontent.com/u/17481094/14foodtruck_4.jpg,Chicken Wrap,$5,Canje,$4.50,Cheese,$5.75,Pepper,$5.50,Chicken Cacciatore,$5.50,Pizza Chicken,$5,Chicken Pita,$5,Chicken Peru,$5.50,Chicken Rob,$4.20,Mushroom,$5.50,Chicken Wrap,$5.50,Lettuce e Tomato,$5.50,https://dl.dropboxusercontent.com/u/17481094/14foodtruck_4.jpg
1968598877,https://dl.dropboxusercontent.com/u/17481094/14foodtruck_4.jpg,Grilled Chicken,$4.50,Chicken Cacciatore,$5.50,N/A,$0,N/A,$0,Grilled Chicken W/ Cheese,$5,Grilled Chicken W/ Lettuce & Tomato,$5.50,Grilled Chicken W/ Mushroom,$5.50,Crilled Chicken Spesial,$5.75,Chicken Pita,$4.50,Pizza Chicken,$5,Chicken Wrap,$5,Crilled Chicken Ceasar Wrap,$5,https://dl.dropboxusercontent.com/u/17481094/14foodtruck_4.jpg
1968594060,https://dl.dropboxusercontent.com/u/17481094/15foodtruck_4.jpg,Sdfsfsf,"$1,000",Sdfsfsf,"$1,000",Sfsfdsfs,"$1,000",Sfsff,"$1,000",Dsfsdf,"$1,000",Sdfsfsf,"$1,000",Sfsdfsf,"$1,000",Sdfsfsfd,"$1,000",Sdfsdfsdf,"$1,000",Sdfsdfsf,"$1,000",Sdfsffssf,"$1,000",sdfsfs,"$1,000",https://dl.dropboxusercontent.com/u/17481094/15foodtruck_4.jpg
1968595870,https://dl.dropboxusercontent.com/u/17481094/15foodtruck_4.jpg,Hot Sausege Cheese,$3,,,,,,,Hot Sausege Chili,$3,Mild Sausege Cheese,$3,Mild Sausege Chili,$3,Plain Steak,$4,Cheese Steak,$5,Plain Cheese Steak,$4,Chiken Cheese Steak,$5,,,https://dl.dropboxusercontent.com/u/17481094/15foodtruck_4.jpg
1968610817,https://dl.dropboxusercontent.com/u/17481094/15foodtruck_4.jpg,Hot Sausage Cheese,$3,,,,,,,,,,,,,,,,,,,,,,,https://dl.dropboxusercontent.com/u/17481094/15foodtruck_4.jpg
1968593084,https://dl.dropboxusercontent.com/u/17481094/16foodtruck_4.jpg,Egg Sandwitch,$2,,,,,,,Egg and Cheese,$2.50,Grilled Chees,$2,Turkey Bacon Egg and Cheese,$3,BLT,$3,Turkey sausageEgg and Cheese,$3,Pork Bacon Egg and Cheese,$3,,,,,https://dl.dropboxusercontent.com/u/17481094/16foodtruck_4.jpg
1968596506,https://dl.dropboxusercontent.com/u/17481094/16foodtruck_4.jpg,Egg Sandwich,$2,,,,,,,Egg & Cheese,$2.50,Grilled Cheese,$2,Turkey Bacon Egg & Cheese,$3,Turkey Sausage Egg & Cheese,$3,b.l.t,$3,Pork Bacon Egg & Cheese,$3,,,,,https://dl.dropboxusercontent.com/u/17481094/16foodtruck_4.jpg
1968606580,https://dl.dropboxusercontent.com/u/17481094/16foodtruck_4.jpg,1,$1,1,$1.00,1,$1.00,1,$1.00,1,$1.00,1,$1,1,$1.00,1,$1,1,$1.00,1,$1,1,$1.00,1,$1,https://dl.dropboxusercontent.com/u/17481094/16foodtruck_4.jpg
1968596748,https://dl.dropboxusercontent.com/u/17481094/17foodtruck_4.jpg,Ground Beef,$0,,,,,,,Ground Beef,$0,Ground Beef,$0,Ground Beef,$0,Ground Beef,$0,,,,,,,,,https://dl.dropboxusercontent.com/u/17481094/17foodtruck_4.jpg
1968598370,https://dl.dropboxusercontent.com/u/17481094/17foodtruck_4.jpg,Ground Beef,$3.25,,,,,,,Shredded Chicken Breast,$3.25,Veggie,$3.25,Srimp,$3.75,,,,,,,,,,,https://dl.dropboxusercontent.com/u/17481094/17foodtruck_4.jpg
1968630033,https://dl.dropboxusercontent.com/u/17481094/17foodtruck_4.jpg,1,$1,2,$2.00,2,$2,2,$2.00,1,$14.00,1,$1.00,1,$1.00,1,$2,2,$2.00,2,$2,2,$2.00,2,$2,https://dl.dropboxusercontent.com/u/17481094/17foodtruck_4.jpg
1968594650,https://dl.dropboxusercontent.com/u/17481094/18foodtruck_4.jpg,Click,$200,Click,$200,Click,$200,Click,$200,Click,$200,Click,$200,Click,$200,Click,$200,Click,$200,Click,$200,Click,$200,click,$200,https://dl.dropboxusercontent.com/u/17481094/18foodtruck_4.jpg
1968594658,https://dl.dropboxusercontent.com/u/17481094/18foodtruck_4.jpg,Chips & Guacamole,$3,,,,,,,Grilled Plantains,$1,Fresh Guacamole,$1,Whole Wheat,$0.26,Extra Cheese,$1,Extra Sour Cream,$1,,,,,,,https://dl.dropboxusercontent.com/u/17481094/18foodtruck_4.jpg
1968596729,https://dl.dropboxusercontent.com/u/17481094/18foodtruck_4.jpg,Chips & Guacamole,$3,,,,,,,Grilled Plantains,$1,Fresh Guacamole,$1,Whole Wheat,$0.26,Extra Cheese,$1,Extra Sourcream,$1,,,,,,,https://dl.dropboxusercontent.com/u/17481094/18foodtruck_4.jpg
1968595700,https://dl.dropboxusercontent.com/u/17481094/20foodtruck_4.jpg,Brocolill,$4,,,,,,,Sweet Sour,$4,Sesame,$4,,,,,,,,,,,,,https://dl.dropboxusercontent.com/u/17481094/20foodtruck_4.jpg
1968595873,https://dl.dropboxusercontent.com/u/17481094/20foodtruck_4.jpg,Asdasd,"$1,000",Asdasdad,"$1,000",Sadadasdsda,"$1,000",Asdasdd,"$1,000",Asdasd,"$1,000",Asdad,"$1,000",Sdfsdf,"$1,000",Sdfsdfsdf,"$1,000",Asdadasd,"$1,000",Saddasd,"$1,000",Sdaasd,"$1,000",dsfsdfs,"$1,000",https://dl.dropboxusercontent.com/u/17481094/20foodtruck_4.jpg
1968635462,https://dl.dropboxusercontent.com/u/17481094/20foodtruck_4.jpg,Broccoli,$4,Teriyaky,$4,Vegetable,$4,,,Sweet Sour,$4,Sesame,$4,Hot Spicy,$4,Garlic/curry,$4,Egg Plant,$4.75,Bean-Curd,$4.25,Kung Pao,$4.25,cashew,$4.25,https://dl.dropboxusercontent.com/u/17481094/20foodtruck_4.jpg
1968610463,https://dl.dropboxusercontent.com/u/17481094/23foodtruck_4.jpg,Chiken Becet,$0,,,,,,,Chiken Legs,$0,Chiken Wings,$0,,,,,,,,,,,,,https://dl.dropboxusercontent.com/u/17481094/23foodtruck_4.jpg
1968631511,https://dl.dropboxusercontent.com/u/17481094/23foodtruck_4.jpg,,,,,,,,,,,,,,,,,,,,,,,,,https://dl.dropboxusercontent.com/u/17481094/23foodtruck_4.jpg
1968635933,https://dl.dropboxusercontent.com/u/17481094/23foodtruck_4.jpg,Fish Sandwish,$0,,,,,,,,,,,,,,,,,,,,,,,https://dl.dropboxusercontent.com/u/17481094/23foodtruck_4.jpg
1968595251,https://dl.dropboxusercontent.com/u/17481094/25foodtruck_4.jpg,,,,,,,,,,,,,,,,,,,,,,,,,https://dl.dropboxusercontent.com/u/17481094/25foodtruck_4.jpg
1968595780,https://dl.dropboxusercontent.com/u/17481094/25foodtruck_4.jpg,Jumatea,$300,Jumatea,$300,Jumatea,$300,Jumatea,$300,Jumatea,$300,Jumatea,$300,Jumatea,$300,Jumatea,$300,Jumatea,$300,Jumatea,$300,Jumatea,$300,jumatea,$300,https://dl.dropboxusercontent.com/u/17481094/25foodtruck_4.jpg
1968597305,https://dl.dropboxusercontent.com/u/17481094/25foodtruck_4.jpg,Baked Meatballs,$6,,,,,,,Buffalo Wings,$6,Ice Cream,$3,,,,,,,,,,,,,https://dl.dropboxusercontent.com/u/17481094/25foodtruck_4.jpg
1968599002,https://dl.dropboxusercontent.com/u/17481094/26foodtruck_4.jpg,HANAN FALAFEL,$4,ZUCCHINI and HANAN FALAFEL,$4.75,ZUCCHINI and BABA GHANOUSH,$4.75,BABA GHANOUSH and FETA CHEESE,$4.50,HANAN HOUMMOS,$3.50,BABA GHANOUSH,$4,HANAN HOUMMOS BABA GHANOUSH,$4.36,STUFFED GRAPE LEAVES,$4.50,STUFFED GRAPE LEAVES WITH FETA CHEESE,$4.75,HANAN HOUMMOS BABA GHANOUSH,$4.50,HANAN HOUMMOS WITH EVERYTHING,$5,ZUCCHINI-FETA CHEESE,$4.50,https://dl.dropboxusercontent.com/u/17481094/26foodtruck_4.jpg
1968603963,https://dl.dropboxusercontent.com/u/17481094/26foodtruck_4.jpg,,,,,,,,,,,,,,,,,,,,,,,,,https://dl.dropboxusercontent.com/u/17481094/26foodtruck_4.jpg
1968614235,https://dl.dropboxusercontent.com/u/17481094/26foodtruck_4.jpg,Asdasdasd,$100,Sadad,$100,Asdad,$100,Sdasd,$100,Asddas,$100,Sdsadsa,$100,Asdasd,$100,Asdadas,$100,Asdads,$100,Asdad,$100,Asddasd,$100,sadasda,$100,https://dl.dropboxusercontent.com/u/17481094/26foodtruck_4.jpg
1968595696,https://dl.dropboxusercontent.com/u/17481094/28foodtruck_4.jpg,Beef Lo Mein,$3.75,,,,,,,,,,,,,,,,,,,,,,,https://dl.dropboxusercontent.com/u/17481094/28foodtruck_4.jpg
1968595875,https://dl.dropboxusercontent.com/u/17481094/28foodtruck_4.jpg,Sadads,"$1,000",Sdf,"$1,000",Asd,"$1,000",Asda,"$1,000",Asdasd,"$1,000",Asdasd,"$1,000",Sadads,"$1,000",Sadad,"$1,000",Asdas,"$1,000",Sadasd,"$1,000",Asdasd,"$1,000",asdsad,"$1,000",https://dl.dropboxusercontent.com/u/17481094/28foodtruck_4.jpg
1968635463,https://dl.dropboxusercontent.com/u/17481094/28foodtruck_4.jpg,Beef Lo Mein..,$3.75,,,,,,,Subgum Lo Mein,$5,Beijing Hot Noodles,$2.75,"Chicken, Pork, Beef or Shrimp Yat Mein",$2.75,Singapore Rice Noodles,$4,,,,,,,,,https://dl.dropboxusercontent.com/u/17481094/28foodtruck_4.jpg
1968595172,https://dl.dropboxusercontent.com/u/17481094/29foodtruck_4.jpg,Asdasd,"$1,000",Dfsfsd,"$1,000",Dsadsa,"$1,000",Fdsfsdfsdf,"$1,000",Asffsdf,"$1,000",Sdfsdfsdf,"$1,000",Dsafdsfsdf,"$1,000",Dsfsdfsdf,"$1,000",Sdfsdfdf,"$1,000",Sdfsdffsd,"$1,000",Sdfsdfsdf,"$1,000",dsfsdfsd,"$1,000",https://dl.dropboxusercontent.com/u/17481094/29foodtruck_4.jpg
1968597466,https://dl.dropboxusercontent.com/u/17481094/29foodtruck_4.jpg,The Basic,$4,,,,,,,Spinach,$4,Roasted Pepper,$4,Spinach & Roasted Pepper,$4.75,Guacamole,$5,Sweet Potato,$4,Sweet Potato & Roasted Pepper,$4.75,Tofu,$5,Tofu verde,$5,https://dl.dropboxusercontent.com/u/17481094/29foodtruck_4.jpg
1968603550,https://dl.dropboxusercontent.com/u/17481094/29foodtruck_4.jpg,The Basic,$4,,,,,,,Spinach,$4,Roasted Pepper,$4,Spinach & Roasted Peppers,$4.75,Guacamole,$5,Sweet Potato,$4,Sweet Potato & Roasted Pepper,$4.75,Tofu,$5,tofu verde,$5,https://dl.dropboxusercontent.com/u/17481094/29foodtruck_4.jpg
1968595207,https://dl.dropboxusercontent.com/u/17481094/3foodtruck_5.jpg,Turkey Bacon,$4.50,,,,,,,Roast Beef and Swiss Cheese,$4.50,,,,,,,,,,,,,,,https://dl.dropboxusercontent.com/u/17481094/3foodtruck_5.jpg
1968598803,https://dl.dropboxusercontent.com/u/17481094/3foodtruck_5.jpg,Turkey & Bacon,$4.50,Double Hamburger,$3.75,Double Cheeseburger,$3.95,Double Bacon and Cheeseburger,$4.40,Roast Beef and Swiss Chese,$4.50,Corned Beef and Bacon,$4.50,Ham and Chese,$4.50,Tuna With Boiled Egg,$4.75,Chicken Salad and Bacon,$4.95,Hamburger,$2.90,Cheeseburger,$3,bacon and cheeseburger,$3.50,https://dl.dropboxusercontent.com/u/17481094/3foodtruck_5.jpg
1968617737,https://dl.dropboxusercontent.com/u/17481094/3foodtruck_5.jpg,Turkey & Bacon,$4.50,Double Hamburger,$3.75,Double Cheeseburger,$3.95,Hot Sausage,$2.25,Roast Beef and Swiss Cheese,$4.50,Corned Beef and Bacon,$4.50,Ham and Cheese,$4.50,Tuna With Boiled Egg,$475,Chicken Salad Bacon,$4.95,Hamburger,$2.90,Cheeseburge,$3,Bacon cheese burger,$3.50,https://dl.dropboxusercontent.com/u/17481094/3foodtruck_5.jpg
1968600211,https://dl.dropboxusercontent.com/u/17481094/4foodtruck_5.jpg,SPRING ROLL on RICE NOODLE,$4.25,SUBGUM LEMON GRASS on RICE,$5,SUBGUM LEMON GRASS on RICE NOODLE,$5,,,CHICKEN LEMON GRASS on RICE NOODLE,$4.50,BEEF LEMON GRASS on RICE NOODLE,$4.75,PORK LEMON GRASS on RICE NOODLE,$4.50,SHRIMP LEMON GRASS on RICE NOODLE,$4.75,CHICKEN LEMON GRASS on RICE,$4.50,PORK LEMON GRASS on RICE,$4.50,BEEF LEMON GRASS on RICE,$4.75,SHRIM LEMON GRASS ON RICE,$4.75,https://dl.dropboxusercontent.com/u/17481094/4foodtruck_5.jpg
1968600721,https://dl.dropboxusercontent.com/u/17481094/4foodtruck_5.jpg,Spring Roll on Rice Noddle,$4.25,Subgum Lemon Grass on Rice,$5,Subgum Lwmon Grass on Rice Noddle,$5,,,Chicken Lemon Grass on Rice Noddle,$4.50,Beef Lemon Grass on Rice Noddle,$4.75,Pork Lemon Grass on Rice Noddle,$4.50,Shrimp Lemon Grass on Rice Noddle,$4.75,Chicken Lemon Grass on Rice,$4.50,Pork Lemon Grass on Rice,$4.50,Beef Lemon Grass on Rice,$4.75,shrimp lemon grass on rice,$4.75,https://dl.dropboxusercontent.com/u/17481094/4foodtruck_5.jpg
1968606291,https://dl.dropboxusercontent.com/u/17481094/4foodtruck_5.jpg,SPRING ROLL on RICE NOODLE,$4.25,SUBGUM LEMON GRASS on RICE,$5,SUBGUM LEMON GRASS on RICE NOODLE,$5,,,CHICKEN LEMON GRASS on RICE NOODLE,$4.50,BEEF LEMON GRASS on RICE NOODLE,$4.75,PORK LEMON GRASS on RICE NOODLE,$4.50,SHRIMP LEMON GRASS on RICE NOODLE,$4.75,CHICKEN LEMON GRASS on RICE,$4.50,PORK LEMON GRASS on RICE,$4.50,BEEF LEMON GRASS on RICE,$4.75,SHRIMP LEMON GRASS on RICE,$4.75,https://dl.dropboxusercontent.com/u/17481094/4foodtruck_5.jpg
1968595284,https://dl.dropboxusercontent.com/u/17481094/11foodtruck_5.jpg,,,,,,,,,,,,,,,,,,,,,,,,,https://dl.dropboxusercontent.com/u/17481094/11foodtruck_5.jpg
1968595896,https://dl.dropboxusercontent.com/u/17481094/11foodtruck_5.jpg,Sssss,$333,333,$333,333,$333,333,$333,333,$333,333,$333,333,$333,333,$333,333,$333,333,$333,333,$333,333,$333,https://dl.dropboxusercontent.com/u/17481094/11foodtruck_5.jpg
1968598518,https://dl.dropboxusercontent.com/u/17481094/11foodtruck_5.jpg,Chinese Vegetable Tofu,$0,,,,,,,Tofu Vegetable,$0,Almond Vegetable Tofu,$0,Broccoli Tofu,$0,Cashew Nut Veg. Tofu,$0,Fresh Mushroom Tofu,$0,Pepper Onion Tofu,$0,Snow Pea Tofu,$0,,,https://dl.dropboxusercontent.com/u/17481094/11foodtruck_5.jpg
1968593383,https://dl.dropboxusercontent.com/u/17481094/13foodtruck_5.jpg,Special Combo,$7,,,,,,,Carpet Caravan,$7.50,Soup & Salad,$6,Carpet Ride,$6.50,Magic Meal Pocket,$5.75,,,,,,,,,https://dl.dropboxusercontent.com/u/17481094/13foodtruck_5.jpg
1968609898,https://dl.dropboxusercontent.com/u/17481094/13foodtruck_5.jpg,Special Combo,$7,,,,,,,Carpet Caravan,$7.50,Soup & Salad,$6,Carpet Ride,$6.50,Magic Meal Pocket,$5.75,,,,,,,,,https://dl.dropboxusercontent.com/u/17481094/13foodtruck_5.jpg
1968614860,https://dl.dropboxusercontent.com/u/17481094/13foodtruck_5.jpg,Special Combo,$7,,,,,,,Carpet Caravan,$7.50,Soup and Salad,$6,Carpet Ride,$6.50,Magic Meal Pocket,$6.50,,,,,,,,,https://dl.dropboxusercontent.com/u/17481094/13foodtruck_5.jpg
1968596370,https://dl.dropboxusercontent.com/u/17481094/14foodtruck_5.jpg,PLAIN STEAK,$4.50,,,,,,,CHEESE STEAK,$5,LETTUCE & TOMATO,$5.50,MUSHROOM,$5.50,STEAK SPECIAL,$5.75,PIZZA STEAK,$5,STEAK WRAP,$5,,,,,https://dl.dropboxusercontent.com/u/17481094/14foodtruck_5.jpg
1968602456,https://dl.dropboxusercontent.com/u/17481094/14foodtruck_5.jpg,Plain Steak,$4.50,,,,,,,Cheese Steak,$5,Cheese Steak Lettuce & Tomato,$5.50,Cheese Steak Mushroom,$5.50,Steak Special,$5.75,"Steak Special Chese, L/T, Mushroom, Onion, Sw Pepper",$5.75,Pizza Steak,$5,Steak Wrap,$5,,,https://dl.dropboxusercontent.com/u/17481094/14foodtruck_5.jpg
1968605302,https://dl.dropboxusercontent.com/u/17481094/14foodtruck_5.jpg,Plain Steak,$4.50,L/T,$5.75,Sw Pepper,$5.75,Mushroom,$5.75,Cheese Steak,$5,Lettuce and Tomato,$5.50,Mushroom,$5.50,Steak Soecial,$5.75,Pizza Steak,$5,Steak Wrap,$5,Cheese,$5.75,Onoin,$5,https://dl.dropboxusercontent.com/u/17481094/14foodtruck_5.jpg
1968592690,https://dl.dropboxusercontent.com/u/17481094/15foodtruck_5.jpg,EGG & CHEESE,$2.50,,,,,,,PORK BACON EGG & CHEESE,$3,TURKEY BACON EGG & CHEESE,$3,SAUSAGE EGG & CHEESE,$3,SCRAPPLE EGG & CHEESE,$3,HAM EGG & CHEESE,$3,PORK ROLL EGG & CHEESE,$3,PEPPER EGG & CHEESE,$2.75,,,https://dl.dropboxusercontent.com/u/17481094/15foodtruck_5.jpg
1968593419,https://dl.dropboxusercontent.com/u/17481094/15foodtruck_5.jpg,EGG & CHEESE,$2.50,,,,,,,PORK BACON EGG & CHEESE,$3,TURKEY BACON EGG & CHEESE,$3,SAUSAGE EGG & CHEESE,$3,SCRAPPLE EGG & CHEESE,$3,HAM EGG & CHEESE,$3,PORK ROLL EGG & CHEESE,$3,PEPPER EGG & CHEESE,$1.50,,,https://dl.dropboxusercontent.com/u/17481094/15foodtruck_5.jpg
1968594644,https://dl.dropboxusercontent.com/u/17481094/15foodtruck_5.jpg,EGG & CHEESE,$2.50,,,,,,,PORK BACON EGG & CHEESE,$3,TURKEY BACON EGG & CHEESE,$3,SAUSAGE EGG & CHEESE,$3,SCRAPPLE EGG & CHEESE,$3,HAM EGG & CHEESE,$3,PORK ROLL EGG & CHEESE,$3,PEPPER EGG & CHEESE,$2.75,,,https://dl.dropboxusercontent.com/u/17481094/15foodtruck_5.jpg