https://dl.dropboxusercontent.com/u/17481094/1foodtruck_1.jpg,https://dl.dropboxusercontent.com/u/17481094/1foodtruck_2.jpg,https://dl.dropboxusercontent.com/u/17481094/1foodtruck_3.jpg,,,,,,,,
https://dl.dropboxusercontent.com/u/17481094/2foodtruck_1.jpg,https://dl.dropboxusercontent.com/u/17481094/2foodtruck_2.jpg,https://dl.dropboxusercontent.com/u/17481094/2foodtruck_3.jpg,https://dl.dropboxusercontent.com/u/17481094/2foodtruck_4.jpg,,,,,,,
https://dl.dropboxusercontent.com/u/17481094/3foodtruck_1.jpg,https://dl.dropboxusercontent.com/u/17481094/3foodtruck_2.jpg,https://dl.dropboxusercontent.com/u/17481094/3foodtruck_3.jpg,https://dl.dropboxusercontent.com/u/17481094/3foodtruck_4.jpg,https://dl.dropboxusercontent.com/u/17481094/3foodtruck_5.jpg,https://dl.dropboxusercontent.com/u/17481094/3foodtruck_6.jpg,,,,,
https://dl.dropboxusercontent.com/u/17481094/4foodtruck_1.jpg,https://dl.dropboxusercontent.com/u/17481094/4foodtruck_2.jpg,https://dl.dropboxusercontent.com/u/17481094/4foodtruck_3.jpg,https://dl.dropboxusercontent.com/u/17481094/4foodtruck_4.jpg,https://dl.dropboxusercontent.com/u/17481094/4foodtruck_5.jpg,,,,,,
https://dl.dropboxusercontent.com/u/17481094/5foodtruck_1.jpg,https://dl.dropboxusercontent.com/u/17481094/5foodtruck_2.jpg,,,,,,,,,
https://dl.dropboxusercontent.com/u/17481094/6foodtruck_1.jpg,https://dl.dropboxusercontent.com/u/17481094/6foodtruck_2.jpg,https://dl.dropboxusercontent.com/u/17481094/6foodtruck_3.jpg,,,,,,,,
https://dl.dropboxusercontent.com/u/17481094/7foodtruck_1.jpg,https://dl.dropboxusercontent.com/u/17481094/7foodtruck_2.jpg,,,,,,,,,
https://dl.dropboxusercontent.com/u/17481094/8foodtruck_1.jpg,https://dl.dropboxusercontent.com/u/17481094/8foodtruck_2.jpg,https://dl.dropboxusercontent.com/u/17481094/8foodtruck_3.jpg,,,,,,,,
https://dl.dropboxusercontent.com/u/17481094/9foodtruck_1.jpg,,https://dl.dropboxusercontent.com/u/17481094/9foodtruck_3.jpg,https://dl.dropboxusercontent.com/u/17481094/9foodtruck_4.jpg,,,,,,,
https://dl.dropboxusercontent.com/u/17481094/10foodtruck_1.jpg,https://dl.dropboxusercontent.com/u/17481094/10foodtruck_2.jpg,,,,,,,,,
https://dl.dropboxusercontent.com/u/17481094/11foodtruck_1.jpg,https://dl.dropboxusercontent.com/u/17481094/11foodtruck_2.jpg,https://dl.dropboxusercontent.com/u/17481094/11foodtruck_3.jpg,https://dl.dropboxusercontent.com/u/17481094/11foodtruck_4.jpg,https://dl.dropboxusercontent.com/u/17481094/11foodtruck_5.jpg,https://dl.dropboxusercontent.com/u/17481094/11foodtruck_6.jpg,https://dl.dropboxusercontent.com/u/17481094/11foodtruck_7.jpg,https://dl.dropboxusercontent.com/u/17481094/11foodtruck_8.jpg,,,
https://dl.dropboxusercontent.com/u/17481094/12foodtruck_1.jpg,https://dl.dropboxusercontent.com/u/17481094/12foodtruck_2.jpg,https://dl.dropboxusercontent.com/u/17481094/12foodtruck_3.jpg,,,,,,,,
https://dl.dropboxusercontent.com/u/17481094/13foodtruck_1.jpg,https://dl.dropboxusercontent.com/u/17481094/13foodtruck_2.jpg,https://dl.dropboxusercontent.com/u/17481094/13foodtruck_3.jpg,https://dl.dropboxusercontent.com/u/17481094/13foodtruck_4.jpg,https://dl.dropboxusercontent.com/u/17481094/13foodtruck_5.jpg,https://dl.dropboxusercontent.com/u/17481094/13foodtruck_6.jpg,https://dl.dropboxusercontent.com/u/17481094/13foodtruck_7.jpg,https://dl.dropboxusercontent.com/u/17481094/13foodtruck_8.jpg,,,
https://dl.dropboxusercontent.com/u/17481094/14foodtruck_1.jpg,https://dl.dropboxusercontent.com/u/17481094/14foodtruck_2.jpg,https://dl.dropboxusercontent.com/u/17481094/14foodtruck_3.jpg,https://dl.dropboxusercontent.com/u/17481094/14foodtruck_4.jpg,https://dl.dropboxusercontent.com/u/17481094/14foodtruck_5.jpg,https://dl.dropboxusercontent.com/u/17481094/14foodtruck_6.jpg,https://dl.dropboxusercontent.com/u/17481094/14foodtruck_7.jpg,https://dl.dropboxusercontent.com/u/17481094/14foodtruck_8.jpg,https://dl.dropboxusercontent.com/u/17481094/14foodtruck_9.jpg,,
https://dl.dropboxusercontent.com/u/17481094/15foodtruck_1.jpg,https://dl.dropboxusercontent.com/u/17481094/15foodtruck_2.jpg,https://dl.dropboxusercontent.com/u/17481094/15foodtruck_3.jpg,https://dl.dropboxusercontent.com/u/17481094/15foodtruck_4.jpg,https://dl.dropboxusercontent.com/u/17481094/15foodtruck_5.jpg,https://dl.dropboxusercontent.com/u/17481094/15foodtruck_6.jpg,https://dl.dropboxusercontent.com/u/17481094/15foodtruck_7.jpg,,,,
https://dl.dropboxusercontent.com/u/17481094/16foodtruck_1.jpg,https://dl.dropboxusercontent.com/u/17481094/16foodtruck_2.jpg,https://dl.dropboxusercontent.com/u/17481094/16foodtruck_3.jpg,https://dl.dropboxusercontent.com/u/17481094/16foodtruck_4.jpg,https://dl.dropboxusercontent.com/u/17481094/16foodtruck_5.jpg,https://dl.dropboxusercontent.com/u/17481094/16foodtruck_6.jpg,,,,,
https://dl.dropboxusercontent.com/u/17481094/17foodtruck_1.jpg,https://dl.dropboxusercontent.com/u/17481094/17foodtruck_2.jpg,https://dl.dropboxusercontent.com/u/17481094/17foodtruck_3.jpg,https://dl.dropboxusercontent.com/u/17481094/17foodtruck_4.jpg,,,,,,,
https://dl.dropboxusercontent.com/u/17481094/18foodtruck_1.jpg,https://dl.dropboxusercontent.com/u/17481094/18foodtruck_2.jpg,https://dl.dropboxusercontent.com/u/17481094/18foodtruck_3.jpg,https://dl.dropboxusercontent.com/u/17481094/18foodtruck_4.jpg,,,,,,,
https://dl.dropboxusercontent.com/u/17481094/19foodtruck_1.jpg,https://dl.dropboxusercontent.com/u/17481094/19foodtruck_2.jpg,https://dl.dropboxusercontent.com/u/17481094/19foodtruck_3.jpg,,,,,,,,
https://dl.dropboxusercontent.com/u/17481094/20foodtruck_1.jpg,https://dl.dropboxusercontent.com/u/17481094/20foodtruck_2.jpg,https://dl.dropboxusercontent.com/u/17481094/20foodtruck_3.jpg,https://dl.dropboxusercontent.com/u/17481094/20foodtruck_4.jpg,https://dl.dropboxusercontent.com/u/17481094/20foodtruck_5.jpg,https://dl.dropboxusercontent.com/u/17481094/20foodtruck_6.jpg,https://dl.dropboxusercontent.com/u/17481094/20foodtruck_7.jpg,https://dl.dropboxusercontent.com/u/17481094/20foodtruck_8.jpg,https://dl.dropboxusercontent.com/u/17481094/20foodtruck_9.jpg,https://dl.dropboxusercontent.com/u/17481094/20foodtruck_10.jpg,https://dl.dropboxusercontent.com/u/17481094/20foodtruck_11.jpg
https://dl.dropboxusercontent.com/u/17481094/21foodtruck_1.jpg,https://dl.dropboxusercontent.com/u/17481094/21foodtruck_2.jpg,,,,,,,,,
https://dl.dropboxusercontent.com/u/17481094/22foodtruck_1.jpg,https://dl.dropboxusercontent.com/u/17481094/22foodtruck_2.jpg,,,,,,,,,
https://dl.dropboxusercontent.com/u/17481094/23foodtruck_1.jpg,https://dl.dropboxusercontent.com/u/17481094/23foodtruck_2.jpg,https://dl.dropboxusercontent.com/u/17481094/23foodtruck_3.jpg,https://dl.dropboxusercontent.com/u/17481094/23foodtruck_4.jpg,,,,,,,
https://dl.dropboxusercontent.com/u/17481094/24foodtruck_1.jpg,,,,,,,,,,
https://dl.dropboxusercontent.com/u/17481094/25foodtruck_1.jpg,https://dl.dropboxusercontent.com/u/17481094/25foodtruck_2.jpg,https://dl.dropboxusercontent.com/u/17481094/25foodtruck_3.jpg,https://dl.dropboxusercontent.com/u/17481094/25foodtruck_4.jpg,,,,,,,
https://dl.dropboxusercontent.com/u/17481094/26foodtruck_1.jpg,https://dl.dropboxusercontent.com/u/17481094/26foodtruck_2.jpg,https://dl.dropboxusercontent.com/u/17481094/26foodtruck_3.jpg,https://dl.dropboxusercontent.com/u/17481094/26foodtruck_4.jpg,https://dl.dropboxusercontent.com/u/17481094/26foodtruck_5.jpg,https://dl.dropboxusercontent.com/u/17481094/26foodtruck_6.jpg,https://dl.dropboxusercontent.com/u/17481094/26foodtruck_7.jpg,https://dl.dropboxusercontent.com/u/17481094/26foodtruck_8.jpg,,,
https://dl.dropboxusercontent.com/u/17481094/27foodtruck_1.jpg,,,,,,,,,,
https://dl.dropboxusercontent.com/u/17481094/28foodtruck_1.jpg,https://dl.dropboxusercontent.com/u/17481094/28foodtruck_2.jpg,https://dl.dropboxusercontent.com/u/17481094/28foodtruck_3.jpg,https://dl.dropboxusercontent.com/u/17481094/28foodtruck_4.jpg,https://dl.dropboxusercontent.com/u/17481094/28foodtruck_5.jpg,https://dl.dropboxusercontent.com/u/17481094/28foodtruck_6.jpg,https://dl.dropboxusercontent.com/u/17481094/28foodtruck_7.jpg,https://dl.dropboxusercontent.com/u/17481094/28foodtruck_8.jpg,https://dl.dropboxusercontent.com/u/17481094/28foodtruck_9.jpg,https://dl.dropboxusercontent.com/u/17481094/28foodtruck_10.jpg,https://dl.dropboxusercontent.com/u/17481094/28foodtruck_11.jpg
https://dl.dropboxusercontent.com/u/17481094/29foodtruck_1.jpg,https://dl.dropboxusercontent.com/u/17481094/29foodtruck_2.jpg,https://dl.dropboxusercontent.com/u/17481094/29foodtruck_3.jpg,https://dl.dropboxusercontent.com/u/17481094/29foodtruck_4.jpg,https://dl.dropboxusercontent.com/u/17481094/29foodtruck_5.jpg,,,,,,